enpc;ENPC,2
fertilizer-recruitment;Fertilizer Recruitment,7
virginia-glee-club;Virginia Glee Club,1
dollar-thrifty-automotive-group;Dollar Thrifty Automotive Group,15.DTAG,1.Thrifty Car Rental,1
mybarrister;myBarrister,33
fsfg-realty-corp。-brokerage;First Swiss Financial Group,1
verk-s;Verkís Consulting Engineers,2
vpd-transport-&-logistics;VPD Transport & Logistics,7
minardi-industries-srl;Minardi Industries srl,7.Minardi Industries Srl,1
franklin-park-eye-ctr;Franklin Park Eye Ctr,1
westwood-college-of-technology;Westwood College of Technology,224.Westwood College,4.Westwood College School of Design,1.Skywrath Technologies,4
hms;Healthcare Management Systems,1.HMS,1
sure-shot-consulting;Sure Shot Consulting,1
marchi-s。p。a。;MARCHI S。P。A。,5
mdl-shipping-limited;MDL SHIPPING LIMITED,1
the-linde-group;The Linde Group,1
s-i-c-inc;S。I。C。 Inc,2
bilfinger-construction-uk-limited;Bilfinger Hochbau GmbH,2.Bilfinger Spezialtiefbau GmbH,1.Steinmuller Africa (Bilfinger),1.Bilfinger Construction UK Limited,17.Bilfinger Marine & Offshore Systems GmbH,3.Bilfinger Construction - Bridge Building Company Mosty Plock S。A。,1.Bilfinger Construction， Offshore and Marine Works,1.Bilfinger Corporate Insurance Management GmbH,1.Bilfinger Construction,53.Bilfinger Construction now part of Implenia Group,6.Bilfinger Global IT GmbH,1.Bilfinger Construction GmbH,1.Bilfinger Berger Civil UK Limited,13
fullstackinc;Full Stack Resources,25
vimanet;Vimanet,1
digitalendpoint;DigitalEndpoint,1
paramount-plumbing-inc;Paramount Plumbing Inc,3.Paramount plumbing corp,1
as-company-technologie;AS COMPANY TECHNOLOGIE,3
independent-businesses-of-new-albany-ohio;New Albany Ohio,3.Independent Businesses of New Albany Ohio,2
safe-ireland;SAFE Ireland,2
right-at-home-realty-inc-brokerage;Right At Home Realty Inc。， Brokerage,6
institut-de-canc%C3%A9rologie-de-lorraine-icl;Institut de Cancérologie de Lorraine - ICL,8
bed-and-breakfast;Bed and Breakfast,1
kings-camp;Kings Camp,2
shokooh-bonab;Shokooh Bonab,1
group-for-technical-assistance-gta-;Group for Technical Assistance (GTA),37
shenyang-yuanda-mechanical-&-electrical-equipment-co--ltd-;Shenyang Yuanda Mechanical & Electrical Equipment Co。， Ltd。,1
fps-marketing-group-llc;FPS Marketing Group， LLC,1
lumi-people;LUMI PEOPLE,2
vertical-fx-inc;VERTICAL-FX INC,1
harbor-playhouse-company;Harbor Playhouse Company,30
commune-de-lens-hainaut-;Commune de Lens (Hainaut),1
adgi;ADGI,3
saint-john-the-baptist-cath;Saint John The Baptist Cath,1
saskatchewan-housing-authorities;Living Skies housing authority,2.Saskatchewan Housing Authorities,13
system-service-&-engineering-inc。;SYSTEM SERVICE & ENGINEERING INC。,7
international-marine-travel-group;International Marine Travel Group,1
axe-valley-veterinary-practice-limited;AXE VALLEY VETERINARY PRACTICE LIMITED,1
convergencialatina;Convergencialatina,1
riney;Hal Riney & Partners,2
green-battery-gmbh;Green Battery,1
therecongrp;Recon Distribution， Inc。,1
lepointtriple;Le Point Triple,1
intrafrut-s-a;Intrafrut s/a,6
mediavision-solutions;Mediavision ltd,1
sxt-sistemi-per-telemedicina;SXT S。r。l。 - Sistemi per Telemedicina,2.SXT - Systems for telemedicine,3.SXT Sistemi per Telemedicina,19
kerala-agro-industries-corporation-limited;Kerala Agro Industries Corporation Limited,40
thinkon;ThinkOn,41.ThinkOn Inc。,2
c。p。milk&foodproductspvtlimited;C。P。Milk & Food Products (Pvt) Limited,1
dandy-packaging;Dandy Packaging Inc。,3
timeless-cleaning-services;Timeless Cleaning Services,6
rvnue-aps;Rvnue ApS,3
ministry-of-sound;Ministry of Sound - Taipei,1.Ministry of Sound,8
bombay-shirt-company;Bombay Shirt Company,1
rode-kruis-tilburg;Vrijwilligers werk Rode Kruis Tilburg,2.Rode Kruis Tilburg,30.Rode kruis Tilburg,1
reserve-bank-of-zimbabwe;RESERVE BANK OF ZIMBABWE,10.Fidelity Printers and Refiners (Subsidiary of The Reserve Bank of Zimbabwe),5.Reserve Bank of Zimbabwe (RBZ),1.Agricultural Development Bank of Zimbabwe,2.Central Bank of Zimbabwe,2.Reserve Bank of Zimbabwe,1058.Barclays Bank Zimbabwe,2.Trust Bank Corporation Limited Zimbabwe,2.Homelink (pvt) LTD ( A wholly owned subsidiary of The Reserve Bank of Zimbabwe ),1.Reserve Bank of ZImbabwe,2.Reserve Bank Of Zimbabwe,7.The Central Bank,5.INFRASTRUCTURE DEVELOPMENT BANK OF ZIMBABWE,1.Zimbabwe Development Bank,1.reserve bank of zimbabwe,11.Allied Bank Zimbabwe Limited,4.Infrastructure Development Bank of Zimbabwe,4.Weighty Placements Private Limited,11.Reserve bank of Zimbabwe,1.Reserve Bank of zimbabwe,4.Infrastructure Development Bank of Zimbabwe (formerly Zimbabwe Development Bank),1
valley-counseling-&-consulting;REL8 Counseling & Consulting， LLC,9.Valley Counseling & Consulting,1.Choices Counseling & Consulting,2.Kara B。 Golden LCSW Counseling & Consulting Services,5
go-architects-inc;GO Architects， Inc。,1
streamlinefinishes;Streamline Finishes， Inc。,9.Streamline Finishes,7
kar-automobile;Kar Automobile,3
the-spaceship-company;The Spaceship Company,4
activision;Activision Blizzard,5.Activision|Blizzard,1.Activision  ShangHai,1.Activision， Inc。,1.Activision Blizzard， Vivendi Games Mobile,1.Activision -RODesign,1.Activision,83.Activision Blizzard Deutschland,1
ace-seal-co;Ace Seal Co,1
raffleometer;Raffleometer,3
asigest;Asigest,1
twinbrush;Twinbrush,4
geography-department;Geography Department,10.geography department,2
bergener-&-associates;Bergener & Associates,6.Bergener Mirejovsky,36
virginia-department-of-health;Virginia Department of Health,5
taxicaller;TaxiCaller,1
m&c-saatchi-china;M&C Saatchi India,1
integrated-conveyor-systems;Integrated Conveyor Systems,7
cedrus-partners;CEDRUS PARTNERS,1
star-hr;Star HR Consultant,2.Star HR,6
cts-lnternational-logistics-co-ltd-;港中旅华贸国际物流股份有限公司,6.CTS International Logistics Corporation Limited,1
lloyd-acoustics-limited;LLOYD ACOUSTICS LIMITED,1
friendship-ridge;Friendship Ridge,14
apple-recruit-ltd;Apple Recruit Ltd,18
zig%27s-zigns-inc-;Zig's Zigns， Inc。,12
hobsons-chartered-accountants;Hobsons,2.Hobsons Chartered Accountants,9.Hobsons， Chartered Accountants,16
tmipb-development;TMIPB Development,4
corporate-relocations-pty-ltd;Corporate Relocations Pty Limited,10
derron-technologies;Derron Technologies,3
domino-fuente-de-soda;Domino， Fuente de Soda,3
dg-industries;SMI Sp。 z o。o。 (DSI PLASTICS Group),2.Dsi plastics,1.Dg Industries,9
wyzewaze;WyzeWaze,2
tnt-tools;TNT Tools,2
congregation-or-hadash-inc;Congregation Or Hadash,1
%E4%B8%8A%E6%B5%B7%E9%9B%81%E5%AD%97%E4%BF%A1%E6%81%AF%E7%A7%91%E6%8A%80%E6%9C%89%E9%99%90%E5%85%AC%E5%8F%B8;上海雁字信息科技有限公司,1
servicio-publico-de-empleo-estatal;Servicio Publico de Empleo Estatal (INEM),1.Jefa de 09rea oficina de prestaciones,1.SEPE (Servicio Público de Empleo Estatal),6.SEPE (Servicio de Empleo Público Estatal),10.Inem,1.S。E。P。E。 (Antiguo I。N。E。M。),1.NATIONAL EMPLOYMENT AGENCY,8.Administración del Estado,1.Servicio Publico de Empleo Estatal SEPE,5.Servicio Público de Empleo Estatal - Centro Nacional de Formación Profesional de Cartagena,3.Servei Públic d'Ocupació Estatal,2.Servicio Empleo Publico Estatal。 SEPE,2.Servicio Público de Empleo Estatal SEPE。 Dirección Provincial de Málaga,2.Servicio Público de Empleo Estatal (Ministerio de Trabajo， Empleo y Seguridad Social),2.Ministerio de Trabajo。 Servicio Publico de Empleo Estatal。 Oficina Provincial de Barcelona,2.arquitecto técnico,3.Servicio público de empleo estatal,4.Servicio Publico de Empleo Estatal。 Ministerio de Trabajo。 Espa09a。,3.Prácticas en el Servicio Publico de Empleo Estatal,1.SEPE,23.Servicio Publico de Empleo Estatal。 Ministerio de Trabajo。 Espa09a,3.Ministerio de Trabajo，Empleo y Seguridad Social,1.Servicio Publico de Empleo Estatal,734.ReferNet Espa09a-SEPE,6.Abogada por cuenta propia,1.Spanish National Public Employment Service (INSA),1.Servicio Público de Empleo Estatal SEPE,543.INEM,12.Ministerio Publico - Chile,1.Ministerio de Empleo y Seguridad Social,1.SERVICIO PUBLICO DE EMPLEO ESTATAL,2.Servicio Público de Empleo Estatal SEPE。 Servico Público de Empleo de Castilla-La Mancha,1.Servicio Público de Empleo Estatal SEPE - Forem,2.Universidad Nacional de Educación a Distancia (UNED) - Servicio Público de Empleo Estatal (SEPE),4.Outsourcing en Servicio Publico de Empleo Estatal,2.Servicio Público de Empleo Estatal (INEM),4.Servicio Público de Empleo Estatal (SEPE),7.Servicio Público de Empleo de Castilla-La Mancha,1.Servicio Público de Empleo Estatal (INSA),2.Agencia Estatal de ADMINISTRACION TRIBUTARIA - AEAT,2.Servicio Público Empleo Estatal。 Ministerio de Empleo y Seguridad Social,2.INEM Servicios Centrales,3.Servicio Público de Empleo Estatal SEPE - Harvey and Lluch Consultores,1.SEPE (Servicio público de empleo estatal),4.Instituto Nacional de Empleo,5.INEM_SEPE Servicio Publico de Empleo Estatal,2.Docente INEM - Técnico auxiliar en Dise09o Gráfico,17.Servicio de empleo público estatal,3.Servicio Público de Empleo,1.(SEPE) Servicio Publico de Empleo Estatal,1.Stefanini,11.Agencia de Empleo - SEPE,1.Servicio Público de Empleo Estatal,34.Instituto Nacionel de Empleo,1.S。E。P。E。,7.Oficina INEM Cartuja,1.ReferNet (Red Europea de EFP de Cedefop),1
%E4%B8%AD%E5%9B%BD%E7%8E%BB%E7%92%83;中国玻璃,3
alan-t-carr;Alan T。 Carr,1
storage-concepts-inc;Storage Concepts Inc。,1
robocare-lab;RoboCARE Lab,16
deepkiran-foods-private-limited;DEEPKIRAN FOODS PRIVATE LIMITED,1
bois-montpetit-sencrl;Bois Montpetit SENCRL,27.Bois Montpetit S。E。N。C。R。L。,3.Bois Montpetit,4.Bois Montpetit sencrl,4
china-max;China Max,20.China max,1
chi-health;Alegent Health,1
pipe-international;Pipe International,6.PIPE International,3.Pipe International (Aust) Pty Ltd,3.PIPE,12
bema;BEMA,76.Burke County EMA,1.bema,2.Bema,3
gates-india;Gates India Pvt Ltd,2
maxim-healthcare-services-inc;Maxim Healthcare Services Inc,156.Self-Employed - Medical Transcription,3
transport-dynamics-limited;TRANSPORT DYNAMICS LIMITED,1
rays-of-sunlight-ros;Rays of Sunlight， Inc。,4
thewarder-com;TheWarder。com,5
hacks-in-taiwan-conference;Hacks In Taiwan Conference (HITCON),21
rokez-investigations-ltd;Rokez Investigations Ltd,2
activatemarketingtymo;Activate Marketing - Turn your marketing on,6
better-skills;BetterSkills,2
winslow-developments;Winslow Developments,1
milestone-project-services-llc;Milestone Project Services LLC,18
professional-punch-marketing;Professional PUNCH,13.Professional PUNCH Marketing,6.Professional Punch,2
mbpm;MBPM,4.MBPM / EC Harris,1
choctaw-survey-consultants-llc;Choctaw Survey Consultants， LLC,2
sabai-jewelry-gallery;Sabai Jewelry Gallery,3
scalsys-technology;Scalsys Technologies,1
vitembal-espa-a;Vitembal Espa09a,1.Vitembal Italia,1
mitsubstanz;mitsubstanz,12
plastics-industry-magazine;Plastics Industry Magazine,10
coach-glazing-services;Coach Glazing Services,2
urlbox;Urlbox,2
global-custom-commerce;Blinds。com,1.Blinds。com (owned by The Home Depot),1.Global Custom Commerce,3.Global Custom Commerce / Blinds。com (a Home Depot company),4
the-workthreat-group-llc;The Workthreat Group， LLC,15
avis-car-rental-barton-creek-mall;Avis Car Rental Barton Creek Mall,58.Avis Car Rental,18.Avis Australia (Perth Airport),1.Avis Car Rental San Diego Airport,2.Avi rental services,1.Avis Car Rental Greece,1.Avis (Rent a car Toledo SL),1.Avis Car Rental seatac airport,1
vip-wears-pvt-ltd;VIP Wears (Pvt) Ltd,1
vosters-beyer-concrete-llc;Vosters Beyer Concrete Llc,1
cocktails-solutions-inc。;Cocktails Solutions， Inc。,1
goose-recruitment;GOOSE Recruitment,8
ateliersdelapeninsule;Ateliers de la Peninsule,3
exclusivacred-promotora-solu%C3%A7%C3%B5es-financeiras;EXCLUSIVACRED PROMOTORA Solu0401es Financeiras,1
epa-infrastructure;EPA INFRASTRUCTURE PVT LTD,1.EPA Infrastructure,49.epa infrastructure,1.EPA Infrastructure Pvt Ltd,3.EPA Infrastructure Pvt。 Ltd。,2.EPA Infrastructure Pvt。Ltd。,1.Epa Infrastructure Pvt。 Ltd。,2
papea-limited;PAPEA LIMITED,1
cirque-de-glace-limited;CIRQUE DE GLACE LIMITED,2
best-western-lakeway-inn;Best Western Lakeway Inn,7
boise-regional-realtors%C2%AE;Boise Regional REALTORS,48.Boise Regional REALTORS03,7
tmvw;TMVW,1
drewry;Drewry Shipping Consultants Ltd,1.Drewry Shipping Consultants,1.Drewry,1
starlight-media;Starlight Media,1
yourlocalcalendar。com;YourLocalCalendar。com,5
angus-new-zealand-association-inc;Angus New Zealand Association Inc,1
atthah;Atthah Infomedia Pvt。 Ltd。,16.Atthah Info Media Pvt。 Ltd。,19
medvu-page;MEDVU,3
diversified-landscape-management-llc;Diversified Landscape Management LLC,2
ukrsibbank;Ukrsibbank BNP Paribas Group,2.UkrSibbank,10
pro-sales-reps;sales rep,1
envirocon-inc;Envirocon INC,9
corner-health-fitness;corner health fitness,1
lansdowne-marketing-and-creative-services-ltd。;LANSDOWNE MARKETING AND CREATIVE SERVICES LTD。,1
dhunseri-tea-&-industries-ltd;Dhunseri Tea & Industries Ltd,2
internet-solutions-limited;Internet Solutions Limited,1
evoke-agency;Evoke Agency,11
velta-cosmetic-llc-jv;Velta-Cosmetic， LLC JV,3
mithra-earth-movers---india;Mithra Earth Movers - India,3
medi-uk-ltd;MEDI UK LTD,4
residium-ltd;Residium Ltd,3
sheldon-school;Sheldon School,1
the-internet-business-academy-limited;THE INTERNET BUSINESS ACADEMY LIMITED,1
assurances-&-conseil-moncey;Assurances et Conseils Moncey,1
sociedad-chilena-de-po%C3%ADticas-p%C3%BAblicas;Sociedad Chilena de Políticas Públicas,9
al-futtaim-ge-finance-company-psc;Al-Futtaim GE Finance Company PSC,6
goa;Goa。,1.Bryks Electrosystems And Software Pvt Ltd,1.GOA,10.GoA,1.Goa,1.goa Billboards,1.goa,67
exotech;Exotech Aps,1.Exotech,1
denver-center-for-the-performing-arts;Denver Center for the Performing Arts,1
dominion-funds;Dominion Global Trends SICAV plc,1.Dominion Corporate Services LTD,1.Dominion Funds Ltd,1.Protrust Asia,5.Dominion Corporate Services,1.Dominion Funds,11.Dominion Technical Services SA,1.Dominion Funds (@Dominion Tech Services),1.Dominion Asset Management Ltd,1
rodi-services;Rodi Services,1
geert-hofstede-consortium;Geert Hofstede Consortium,1
laoken;LAOKEN Medical Technology Co。，LTD,2.LAOKEN,3.Chengdu Laoken Technology Co。，Ltd,1
intellistayhotels;Hotels,1.Mango Hotels,49
domo-reto;Domo-Reto,4
profilespring;Profilespring,1
acons-srl;ACONS 5 / Contingent 13 de marzo C Havana City (Reconstruction of historical buildings),4.ACONS SRL,14
simeio-solutions;Simeio Solutions,1
cbc-construction-inc;CBC Construction,5
nigel-owen;Nigel Owen,3
colombotto-rosso-dario;Geoguide,1
xolutia;XOLUTIA,1
sul%C3%A1-gmbh;Sulá GmbH,2
gesenerg-tica;GesEnergética,1
technicoder;Technicoder,11
2p-perfect-presentation-;2P (Perfect Presentation),1
rgs-intellect-ltd。;RGS Intellect Ltd。,2
ampersand-consultants-llc;Ampersand Consultants LLC,5
ci-energy;上海云谏能源科技有限公司,9.Cloud Insight Energy,2
safe-bridge-solutions;Safe Bridge Solutions,2
audacy-corporation;Audacy Corporation,1
speed-one-sports-limited;SPEED ONE SPORTS LIMITED,1.Speed One Sports,2
uprop;Uprop,11
heuver-tyrewholesale;Heuver Tyrewholesale,72.Heuver Den Ham BV,18.Heuver Tyre Wholesale,1
master-fisio;Master Fisio,13
california-school-of-herbal-studies;CALIFORNIA SCHOOL OF HERBAL STUDIES,4
ineos;Ineos ABS,1.Ineos,1469.Ineos Europe Ltd,1.Ineos Nitriles,6.INEOS， Olefins & Polymers,1.INEOS NITRILES UK,3.INEOS Melamines & Paraform,1.INEOS O&P Europe,8.Ineos ChlorVinyls,7.INEOS Enterprises,19.Ineos Polyolefins,3.INEOS Compounds Helsby,1.INEOS Olefins and Polymers,4.Ineos O&P Europe,2.Ineos Technologies Ltd,2.INEOS Compounds UK Ltd。,4.INEOS Nitriles - Barex,1.INEOS Vinyls Sales GmbH,1.INEOS (Opus),3.INEOS Europe AG,2.Innovene  =>  Ineos Polyolefins,1.INEOS Acrylics,3.INEOS Upstream,5.INEOS Chlor,2.Ineos Oligomers,2.Ineos Films srl,1.INEOS OLIGOMERS,2.Ineos Compounds,2.INEOS Fluor,17.INEOS compounds Aycliffe Ltd,2.INEOS Nitriles,9.Ineos Grangemouth Refinery,2.INEOS China,1.INEOS Enterprises Ltd， Salt Business,1.INEOS Refinery， Grangemouth,2.INEOS Oligomers S。A。,1.INEOS Polyolerfins,2.INEOS Olefins and Polyolefins,2.DP Process Consulting,4.Ineos - Morgan Stanley,1.INEOS Healthcare,2.INEOS ChlorVinyls,5.INEOS Olefins & Polymers， USA,1.Ineos Olefins & Polymers Europe,2.Ineos Nitriles UK Ltd,1.Ineos UK SNS (Formerlay RWE Dea UK SNS),1.Ineos Silicas Ltd,2.Ineos PolyOlefins,2.INEOS Chemicals Grangemouth Ltd,2.Ineos - Olefins and Polymers,2.Ineos Technologies Limited,2.INEOS Olefins & Polymers， Inc。,1.INEOS Compounds,2.Ineos Vinyls Italia SpA,1.Ineos Chlor,1.INEOS TECHNOLOGIES,2.INEOS Fluor Americas LLC,1.Ineos Olefins & Polymers,2.INEOS Silicas (now PQ Corporation was ICI),2.INEOS CHLOR,1.INEOS ChlorVinyls Belgium,1.INEOS Barex,3.Ineos Americas LLC - GasSpec Technology Group,1.INEOS Compounds Newton Aycliffe,3.INEOS Technologies (Vinyls),4.INEOS Breagh,2.Ineos Olefins and Polymers USA,1.European Vinyls Corportation,1.Ineos ABS (Deutschland) GmbH,1.Ineos Enterprises,17.INEOS Olefins & Polymers USA,6.Ineos Olefins & Polymers USA,5.European Vinyls Corporation (acquired by INEOS),2.BP Petrochemicals/Innovene/Ineos,2.Ineos Electrotechnologies Business Section,1.INEOS Enterprises Ltd,1.INEOS SIlicas,1.INEOS NOVA,1.INEOS Technologies France,1.Ineos olefins and polymers,1.Ineos films,1.INEOS ChlorVinyls Ltd,4.INEOS,1582.Ineos Nitriles(UK) Limited,1.Hydro Polymers Ltd (Ineos Aycliffe),2.Ineos Manufacturing Limited,3.Petroineos,1.INEOS Manufacturing Scotland,2.Ineos ABS GmbH,2.Ineos Europe Limited,4.Ineos Refining,8.INEOS Refining,1.INEOS Melamines,1.Ineos & Styrolution,2.Ineos Oxide,4.INEOS Holdings Ltd,1.Ineos - O&P USA,1.INEOS Healthcare Ltd,7.Ineos Oligomers (formerly BP Canada Chemicals),1.Ineos Petrochemicals Scotland,2.INEOS Group,1.INEOS Nitriles (UK) Ltd,3.Petro ineos,1.Ineos ChlorVinyls Belgium,1.ineos,15.INEOS Oxide,1.INEOS Breagh (Previously RWE Dea UK Ltd),1.Ineos Fluor Ltd,4.Ineos Chemicals,2.Ineos Films,1.INEOS USA LLC,2.Ineos (was Innovene Limited),2.INEOS OLEFINS AND POLYMERS,1.Ineos Technologies,3.INEOS Compounds UK Ltd,3.INEOS ChlorVinyls Limited,1.Ineos Trading and Shipping,1.INEOS Chlor Ltd (formerly ICI Chlor-Chemicals),1.Ethos Health (Scotland) Limited,4.Inovyn Sverige AB,1.INEOS Fluor Ltd。,3.INEOS Vinyls,6.INEOS  EUROPE  North DIVISION,1.INEOS Technologies,26.Taylor & Hill (INEOS),1.ICI / Ineos,1.Ineos Phenol,3.BP Petrochemicals/Innovene,1.INEOS O&P,1.Ineos & ICI,1.INEOS Commercial Services UK Limited,5.INEOS K02ln,1.INEOS O&P USA,4.Hydro Polymers Limited,3.INEOS Enterprises Limited,3.BP/Ineos,2.INEOS Solvents,6.Ineos Enterprises Group,3.INEOS Olefins & Polymers,2.Ineos EVC,1.Ineos Acrylics,2.Ineos Manufacturing Scotland,6.Ineos Olefins,2.INEOS Technologies Limited,1.INEOS Olefin and Polymers UK,3.Ineos (Contract),3.Pétroinéos,1.INEOS (Previously - Innovene),1.INEOS Europe AG / Division Oxide,1.Ineos USA LLC,1.INEOS ABS,3.Ineos Vinyls,3.INEOS Polyolefins,2.INEOS (Nitriles) UK,1.Ineos Shanghai,3.INEOS Grangemouth,1.Ineos Shale,1.Ineos O&P,4.Ineos Europe,1.INEOS - Olefins and Polymers USA,6.Eglantine Technology Ltd,3.INEOS MANUFACTURING FRANCE,1.Ineos Fluor,2.Petro Ineos/Bilfinger,1.Recently leaving Ineos to consider other avenues。,1.INEOS Olefins & Polymers Europe,2.IKM Consulting,4.INEOS ABS (Deutschland) GmbH,1
tabenergia;TAB energia,5
ke-optical-group;KE Group,2
ebcom-limited;EBCOM。Limited,7
bgp-strategies-llc;BGP Strategies,11.BGP Strategies LLC,4
oati;OATI (Open Access Technology International， Inc),1
component-oriented-limited;COMPONENT ORIENTED LTD,4
automation-for-industry-limited;Automation Industry,1
amnetelpo;AmneteLPO,12.AmnetElpo,1
tang-hong;Tang Hong,1
apack-nsw-pty-ltd;APACK NSW PTY LTD,4.Apack Nsw Pty Ltd,1
seventh-wave-laboratories;Seventh Wave Laboratories,1
warehousemanager;Warehousemanager,2
guidedbyalocal-com;GuidedByALocal。com,1
shir-business-solutions;Shir Business Solutions,5
pt-karyamitra-budisentosa;PT Karyamitra Budisentosa,1
hayden-transportation-llc;Hayden Transportation， LLC,2
university-of-buea;University of Buea,3
anytime-party-rental;Anytime Party Rentals,4
rw-outdoorsport-e。k。;RW OutdoorSport E。K。,2
logan-enterprises;Logan Enterprises,2
flash-tours;Flash Tours,1
sans-soucie;Sans Soucie Textile + Design Inc。,5.Sans Soucie,1
m-s-reliure;M+S Reliure SA,15
best-nursing-inc;Best Nursing Inc,1
publishers-book-clearance-ltd;PUBLISHERS BOOK CLEARANCE LTD,4
bill-markve-&-associates;Bill Markve & Associates,6
vandenheuvel-consulting;Vandenheuvel Consulting,2
broken-food-company;Broken Food Company,25
stay-social-accommodation;Stay Social Accommodation,2
baku-electronics;Baku Electronics,1
traveltech-innovation;TRAVELTECH INNOVATION,1
palestra-in-forma;Palestra IN FORMA,9
strategic-business-networks-pte-ltd;Strategic Business Networks Pte Ltd,7
schmid-group-ag;SCHMID GROUP AG,1
coldwell-banker-c&c-properties;Coldwell Banker C&C Properties,15
mks-s。a;MKS Radiocomunicaciones,14.MKS Soluciones,11.MKS S。A,1.mks d。o。o。,3
cherryroad-technologies;CrerryRoad Technolgies,1.CherryRoad Technologies/Acuent/DataStudy,1.DataStudy， Inc。 (Now Operating as CherryRoad Technologies),2.CherryRoad Technologies Inc， Kern High School District,7.Cherry Road Technologies (then Acuent),1.CherryRoad Technologies - Mercedes Benz,1.CherryRoad Technologies， Inc。,14.State of Minnesota/CherryRoad Technologies,3.CherryRoad Technologies (formerly Acuent and DataStudy),2.CRGT (formerly CherryRoad Technologies),6.Cherryroad Technologies,10.Cherry Road Technolgies,1.CherryRoad Technologies (Acuent， Inc。),3.CherryRoad Technologies - Brown Brothers Harriman,1.Data Study / Accuent (CherryRoad Technologies),3.Cherry Road Technologies， Inc。,5.CherryRoad Technologies- State Accounting Office Atlanta，GA,3.CherryRoad,3.DataStudy,6.CRT -- Hennepin County， MN/ City of Raleigh， NC,4.CHERRYROAD TECHNOLOGIES,5.CherryRoad Technologies Inc,1.Cherry Road GT Inc,2.CherryRoad Technologies Implementation for PA Treasury,1.CherryRoad Technologies (then Acuent),6.CherryRoad Group,2.formerly Acuent,1.CRGT， Inc。,3.CherryRoad Technologies,945.CherryRoad Technologies - Delaware Pension,1.CherryRoad Technologies Inc。,585.Cherry Road Technology,15.Cherry Roads Technologies,1.Cherry Road Technologies,32.CherryRoad Technologies， Inc,3.Client - CherryRoad Technologies,2.Novel Roads， Inc,1.Cherryroad Technologies， Inc。,11.CherryRoad Technologies (DataStudy inc),2.CherryRoad Technologies (IT Services),6.DataStudy， Inc。 (CherryRoad Technologies),1
starmann-germany-gmbh;Starmann-Germany GmbH and Starmann Sp。 z o。o。,1.Starmann-Germany GmbH,5
assuredptrnl;AssuredPartners NL,2
consova-corporation;Consova Corporation,1
raavas-realtors-private-limited;Raavas Realtors Private Limited,1
self-employed-freelance-work;Consultant,2.Private Practice,1.AltectradeConsultantOriginal anzeigen05bersetzung anzeigenWie finden Sie diese 05bersetzung?Gut•FehlerhaftDanke für Ihre Hilfe!,1.Self Employed Freelance Work,319.Freelance  Art Work,1.Self Employed,16.Banking & Finance Industry,2.LauraHallBriedis。com,3.Self-Employed,1.Risk/Insurance Consulting,1.Self Employed Freelance work,1.Archivist,1.Movie Promotions Rep,1.Robert Scholten marketing IT consultancy & project management,1.categoria de aut00nomo,2.Self Employed Freelance,1.QXC Productions,2.Freelance Work,3
ikn-spain;iiR Espa09a,1
manufactura-patagona;Manufactura Patagona,2
wendy-allen;Wendy Allen,1
teknos;Teknos,1
karnet;Karnet,1
immersive-youth-marketing;immersive youth marketing,1.Immersive Youth Marketing,13.Immersive Youth Marketing (a ParkerWhite Brand Interactive Company),1
hinkley-point-training-agency;HINKLEY POINT TRAINING AGENCY,1
roi-corporation-business-brokerage;ROI Corporation Business Brokerage: Valuations and Appraisals for Business Owners,1
california-sign-association;California Sign Association,1
park-city-performing-arts-foundation;Park City Performing Arts Foundation,3
goldawin-leovic-group-limited;Goldawin Leovic Group limited,4
gilda%27s-club-rochester;Gilda's Club Rochester,91.Gilda's Club Rochester - An affiliate of the Cancer Support Community,10.Camp Open Arms,4.Gilda's Club Rochester， NY,2
heimbecker-insurance;Heimbecker Insurance Services,1
rival-insurance-services-ltd;RIVAL Insurance Services Ltd,18
affordableinsurance;Affordable Insurance,1
dartagnans;Dartagnans,1
biactiva;Biactiva,65
sandbox-inc-;Sandbox - La Boite a Films Inc。,7
young-executive-coaching-performance-leadership-career;Young Executive Coaching,1
carroll-county-vocational-schl;Carroll County Vocational School,1
c-p-g-lab-srl;C。P。G。 Lab,1.C。P。G。 Lab srl,4
aksal-%C3%A7elik-konstr%C3%BCksiyon;AKSAL 05EL02K KONSTR05KS02YON,1
organisation-eco-cooperation-development-organisation-cooperation-developpement-eco;OECD,2.OECD - OCDE,16
ecm_3;ECM Engineering Conception Maintenance,1
thx-ltd-;THX Ltd。,1
madanalytics;Massive Data Analytics,3
fairways-golf-course;Fairways Golf Course,1
3d-central;3D Central,1
pt-gucimas-pratama;PT。GUCIMAS PRATAMA,1
fox-channels-colombia-ltda;FOX CHANNELS COLOMBIA LTDA,1
m&m-supply-co。;M&M Supply Co。,1
radka-s-r-o-;Radka s。r。o。,1
ratiocomm;Ratiocomm,1
illtakeyouto-limited;ILLTAKEYOUTO LIMITED,1
fysiotherapiepraktijk-nelly-groothuis;Fysiotherapiepraktijk Nelly Groothuis,1.Fysiotherapie Groothuis,3
third-child-press;Third Child Press,1
sera-inspection-&-compliance;SERA Inspection & Compliance,4
kransell-&-wennborg-kb;Kransell & Wennborg KB,8.Kransell & Wennborg,5
mri-software-llc;MRI Software,23.MRI Software LLC,24.MRI Software LLC (Formerly Intuit Real Estate Solutions),1
fam---industrial-food-cutting-machinery;FAM,1
balilla-distribuidora-de-veiculos;Balilla Distribuidora De Veiculos,3
hustle-and-glow-makeup;Hustle and Glow Makeup， LLC,2
silicon-strategy;Silicon Strategy,21
wireless-network-communication;Wireless Network Communication,1
the-mosaic-hotel;The Mosaic Hotel,6
smart-papers;Smart Papers,1
rock-o%27%E2%80%8B-cashel;Rock O'67 Cashel,2
bingo-world;Bingo World,6
ronson-manufacturing-inc;Ronson Manufacturing Corporation,1.Ronson Manufacturing,2
sun-harvest-foods;Sun Harvest Foods,1
black-swan-venture-capital;Black Swan Venture Capital,1
kappy%27s-importing-&-distributing-co-everett-management-corp。;Kappy's,1
bbh-chartered-architects-torquay-limited;BBH CHARTERED ARCHITECTS (TORQUAY) LIMITED,9
ibb;IBB,7
burr-brothers-boats-incorp;Burr Brothers Boats， Inc。,7.Burr Brothers Boats Incorp,10
new-dawn-financial-solutions-ltd;NEW DAWN FINANCIAL SOLUTIONS LTD,1
neurorx-research;NeuroRx,1.NeuroRx Research,325.NeuroRx Research ，,3
digiline-geomatrics;DigiLine Geomatrics,2
smart-pharmacy;Smart Pharmacy,1
fffod;FFFOD,1
change-advertising;Change,7.Change Advertising,14
visionstream;Visionstream Pty Ltd,1
dunn-company;Dunn Company,110.Dunn Company， Division of Tyrolt， Inc。,6.Dunn Co,2
ehealth4everyone;eHealth4Everyone,2.eHealth4everyone,83
united-sleep-medicine;United sleep medicine,1.United Sleep Medicine， LLC,2.United Sleep Medicine,66
atlanta-web-site-development-&-design;Atlanta Web Site Development & Design,4
termigas-international-llc;Termigas S。p。A。,1
retail-media-d-o-o-;Retail Media Group,1.Retail Media d。o。o。,1
echolocumtenens;ECHO Locum Tenens， Inc。,19.Echo Locum Tenens,133.ECHO Locum Tenens， Inc。 an affiliate of Sound Physicians。,1.ECHO Locum Tenens,34.Echo Locum Tenens， A Division of Sound Physicians,3.Sound Physicians/Echo Locum Tenens,2
pane-e-vino-trattoria;Pane E Vino Trattoria,2
lifestyles-inc;LIFESTYLES INC,17
star-newspaper;Southern Cross Newspapers,2.Star newspaper,1.The Star Newspaper,2.Star Newspaper,32
origin-materials;Origin Materials,1
greenervolts;GreenerVolts,3
a-more-balanced-world-inc;A MORE BALANCED WORLD INC,1.A More Balanced World， UCSB Branch,8
wishaw-country-sports;Wishaw Country Sports,2
ciclostile-architettura;Ciclostile Architettura,12
stajbul-net;Stajbul。net,1
vizera;Vizera,18
the-boston-group-software-consultants-tbg-;The Boston Group Software Consultants(TBG),2
pprs;PPRS,8
sheng-yuan-holdings-ltd;Sheng Yuan Holdings Ltd,2
ministerie-van-economische-zaken;Ministry of Economic affairs,1.Ministerie van LNV - Agentschap LASER,6.Ministerie van Landbouw， Natuur en Voedselkwaliteit,79.Ministerie van Economische Zaken / Agentschap DLG,1.Ministerie van Economische Zaken， Landbouw en Innovatie， DICTU,2.Directie Regionale Zaken West,1.Ministerie van Economische Zaken - Directie Bedrijfsvoering,7.Ministry of Agriculture， The Netherlands,4.Ministerie van Economische Zaken， Landbouw en Innovatie EL&I,3.Ministerie van Economische Zaken； DG Agro en Natuur； Directie Natuur en Biodiversiteit,1.Ministerie van EL&I (DICTU),6.Ministerie van Economische Zaken， directie FEZ， voorheen FDA， Ministerie van LNV,1.Ministerie van Economische Zaken (Ministry of economy),6.Dutch Ministry of Economic affairs， Agriculture and Innovation,8.Staatstoezicht op de Mijnen,2.Ministerie van LNV， Plantenziektekundige Dienst,1.Ministerie van LNV (Algemene Inspectiedienst),18.Ministerie van Economische ZakenE,1.Ministry of Agriculture \ Ministerie van Landbouw - Dienst Regelingen,2.Jong LNV (network of young employees of the Ministry of Agriculture， Nature and Food Quality),5.Department of Economic Affairs， Agriculture and Innovation,30.Ministerie van Economische Zaken / directoraat generaal voor de Buitenlands Economische Betrekkingen,2.Ministerie Economische zaken (RVO。nl),4.Ministry of Economical Affairs,1.Ministery of EL&I,1.Ministry of Agriculture， Nature and Food Quality， National Regulation Agency,1.Dienst Regelingen (Ministerie van Economische Zaken， Landbouw en Innovatie),1.Ministerie van Economische Zaken， Innovatie Agro & Natuur,1.Ministerie van Economische Zaken ( Vereffeningsorganisatie PBO ),2.Dutch Ministry of Agriculture， Nature and Food Quality,37.Ministerie van LNV / directie AKV,1.Ministerie van Landbouw， Natuurbeheer & Visserij,1.Dictu (Economische Zaken),1.Ministerie van Economische Zaken， Dienst ICT Uitvoering,1.Ministerie van LNV-The Hague,9.Ministry of EL&I,8.Ministerie van LNV - Dienst Bedrijfsvoering (DB),3.On extended leave， but still employed by Ministerie van Economische Zaken， Landbouw en Innovatie,7.Ministerie van Economische Zaken，,4.Ministry of Agriculture， Nature Management and Food Quality (LNV) - Direction of Nature Management,3.Netherlands Enterprise Agency (Ministry of Economic Affairs),2.Ministerie van Economische Zaken， Landbouw en 02nnovatie,5.Ministry of Social Affairs and Employment,2.Dienst ICT Uitvoering， ministerie van Economische Zaken,1.DICTU,3.Ministerie van Economische Zaken， Directie Communicatie,4.Laser Zuidwest， Ministerie van LNV,3.Ministry of Agriculture， Nature and Food quality,9.Ministerie van LNV， Plantenziekenkundige Dienst,6.Ministerie van LNV - LASER (Overheid),5.Ministry of Agriculture and Fisheries,15.Ministry of Agriculture， Nature and Food Quality (Netherlands),5.DICTU at the Ministry of Economic Affairs,3.Ministerie van Economische Zaken | PIANOo | Programmabureau E-factureren,3.Ministerie van Economische Zaken， DGBEB,2.Ministerie van Economische Zaken， Landbouw en Innovatie / Dienst Landelijk Gebied,3.directie Voedselkwaliteit & Diergezondheid,1.Ministery of Economic Affairs， Agriculture and Innovation of the Netherlands,1.Dutch Ministry of Economic Affairs,21.Ministerie van Economische Zaken， Ministry of Economic Affairs， directorate for Nature and Biodivers,1.Ministerie van LNV (landbouw， natuur en voedselkwaliteit),1.Ministry of Economic Affairs， Agriculture and Innovation:,1.Ministerie van EL&I (Economische Zaken， Landbouw en Innovatie),1.ministerie van LNV - Dienst Regelingen,1.Dienst Landelijk Gebied， Ministerie van Economische Zaken,3.Nieuwe Voedsel en Waren Autorteit,1.Ministerie van Economische Zaken， Rijksdienst voor Ondernemend Nederland,8.Ministerie van EZ | directie Personeel， Organisatie en Informatie,4.nieuwe Voedsel en Waren Autoriteit (Ministerie van Economische zaken， Landbouw en Innovatie),4.Ministerie van Economische Zaken， Landbouw en Innovatie (hired),1.Dienst ICT Uitvoering， Ministerie van LNV,1.Ministry of Economic Affairs (AEP),2.Ministry of Economic Affairs - Audit Department,3.Dienst Regelingen / NSIR (Ministry of Economic Affairs， Agriculture and Innovation,2.Ministerie Economische Zaken / Dienst Regelingen,1.Landbouwschap,2.AT / NVWA， Ministry of Economic Affairs,10.Ministerie van LNV by Atos Origin,11.Plantenziektenkundige Dienst， ministerie van LNV,2.Ministry of Agriculture_Intervention Board,4.Minsiterie van LNV,1.Dienst Regelingen van het ministerie van Economische Zaken,3.Dienst Landelijk Gebied,5.Ministerie van Economische Zaken en Buitenlandse Zaken。,2.Ministerie van Economische Zaken / Agentschap Telecom,1.Ministerie van Landbouw， Natuurbeheer en Visserij (LNV),1.Ministry of Economic Affairs； Dictu Cloud FlexPod,4.Ministerie van EZ (voorheen EL&I， LNV),1.Ministerie van Economische Zaken (Senternovem),5.Ministerie van Economische Zaken (in opdracht van dutch),1.Dienst Regelingen,4.Ministerie van LNVRes,1.plant protection service of the Netherlands,4.Ministry of Economic Affairs and Communications,218.Ministerie van Economische Zaken， Landbouw en Innovatie - Dienst Regelingen,2.Ministry of Agriculture， Nature and Food Quality， The Netherlands,10.Ministerie van LNV (via Ordina),2.Ministerie van Economische Zaken - DICTU,7.Sogeti - Ministerie van Economische Zaken,1.Ministerie Economische Zaken,7.Ministerie van LNV/Kasteel Groeneveld,1.EVD， Ministerie van Economische Zaken,1.Ministerie van Economische Zaken / directie Personeel， Organisatie en Informatie,2.Ministry of Economics， Netherlands,17.ministry of agriculture， nature and food quality,27.Ministry of Economic Affaris,1.Ministerie van Economische Zaken via Sogeti,6.Ministerie van LNV， Council of Rural Affairs,1.Ministerie van Economische Zaken， Landbouw en Innovatie， Agentschap NL,1.Ministerie van EL&I， Dienst ICT Uitvoering,4.Ministerie van Landbouw， Natuurbeheer en Visserij,21.Ministerie van Algemene Zaken/Rijksvoorlichtingsdienst,1.Ministerie van Economische Zaken / Economsche Controledienst,2.Ministry of Agriculture， Nature Management & Fisheries,3.ministerie van Economische Zaken， Landbouw en Innovatie,3.Dienst ICT Uitvoering,2.Ministerie van Economische Zaken (voorheen EL&I),9.Office for Science & Technology in India - Ministry of Economic Affairs， Agriculture and Innovation,9.Ministerie van Economische Zaken (through Ordina),1.Ministerie Economische Zaken / LNV / EVD,2.Ministerie van LNV (DICTU),9.Ministerie van LNV - Plantenziektenkundige Dienst,1.Ministry of economic affairs Netherlands,8.DICTU， Ministerie van LNV,15.Dutch Ministry of Agriculture， Nature and Food quality,5.Ministerie van Economische Zaken， Landbouw en Innovatie at Start People,2.Economische Zaken， project ICTAL,1.Ministerie van economische zaken,1.Ministerie,1.Ministerie van LNV， Plantenziektenkundige Dienst,1.Ministerie van LNV - Dienst ICT Uitvoering (DICTU),3.Ministry of Economic Affairs， Agriculture and Innovation， DICTU,4.Dienst Regelingen - Ministerie van Economische Zaken,3.Ministerie van LNV (Algemene Inspectie Dienst),13.Ministerie van Economische Zaken， agentschap Dienst Landelijk Gebied,3.Ministerie van Economische Zaken， Directie Europa,2.Ministerie van Economische Zaken / Agentschap NL,1.Embassy of the Netherlands in Egypt,6.Ministerie van Economische Zaken - Directie Mededinging en Consumenten (DGETM),1.Ministerie van Economische Zaken， gedetacheerd door Profource,2.Ministry of Economic Affairs(，Agriculture & Innovation),1.Ministerie van LNV (Outsourcing Ordina),11.Ministerie van Economische Zaken / Rijksdienst Voor Ondernemend Nederland (RVO),3.Ministry of Economic Affairs， Agriculture & Innovation,28.Ministry of Economic Affairs， Netherlands,11.Ministerie van Landbouw， Natuur en Voedselkwaliteit - Landelijke Service bij Regelingen (LASER),3.Government Service for Land and Water Management (DLG),1.Bureau Heffingen (Ministerie van LNV),1.Ministerie van Economische Zaken， PIANOo expertisecentrum aanbesteden,4.Ministerie van EL&I,50.Ministerie van Economische Zaken (RVO),3.nVWA， Ministerie van EL&I,2.Netherlands Ministry of Economic Affairs / The Government Service for Land and Water Management DLG,5.Ministerie LNV (Ministry of Agriculture， Nature and Food Quality),5.LASER,5.ministerie van lnv,1.The Ministry of Economic Affairs,8.Plantenziektenkundige Dienst,1.Ministerie van EZ,15.Ministerie van Economische Zaken | VWNW-organisatie,1.Ministerie van Economische Zaken - Auditdienst,1.The Ministry of Economic Affairs， Agriculture and Innovation,19.Ministerie van Economische Zaken/ RVO,1.Rijksvoorlichtingsdienst， Ministerie van Algemene Zaken,1.Ministerie van Economische Zaken， Dienst Landelijk Gebied,10.Ministerie van LNV Bureau Heffingen,1.Ministry of Economic Affairs - Directorate of Business Operations,3.Dutch Central Government,4.Ministerie van Economische Zaken， Landbouw & Innovatie； Programmadirectie BioBased Economy,2.Ministry of Agriculture - Plant Protection Service,1.Ministry of Agriculture， Nature and Food Quality Plant Protection Service,2.Netherlands Ministry of Economic Affairs， Directorate for Agriculture and Nature Knowledge,3.Ministry of Economic Affairs， Directorate General Agro and Nature,2.Ministerie van Economische Zaken (Ministry of Economic Affairs,1.Ministerie van Economische Zaken， Rijksdienst voor ondernemend Nederland,1.Ministerie van Economische Zaken/Rijksdienst voor Ondernemend Nederland,1.Dienst Regelingen， Ministerie van LNV,3.Dienst Landelijk Gebied / Ministerie van Economische Zaken,2.Minsterie van Economische Zaken,2.Ministerie van Landbouw Natuurbeheer en Visserij,1.Ministerie van Economische Zaken (via AtoS),1.Ministerie van LNV - Dienst Regelingen,4.Ministry of Economic Affairs: Netherlands Enterprise Agency,2.Ministry of Economy， Agriculture & Innovation,3.Ministry of Agriculture， Nature and Food Quality， EC-LNV,2.Ministerie van Economische Zaken， Landbouw en Innovatie (EZ),1.Algemene Inspectie Dienst Ministerie van LNV,2.Ministerie van LNV nVWA,1.Ministerie van LNV， Assen,2.Ministerie van LNV (via Atos Origin),14.Voedsel en Waren Autoriteit (Ministry of Economic Affairs， Agriculture and Innovation； EL&I),5.Ministerie van LNV-Directie FEZ,1.Ministerie van Economische Zaken (ingehuurd vanuit WUR),1.National Service for the Implementation of Regulations (Ministery of Economic Affairs),5.Ministerie van Economische Zaken / NVWA,2.Ministerie van Economische Zaken / Ministry of Economic Affairs,9.Ministerie van Landbouw， Natuur en Voedselkwaliteit (LNV),6.Ministerie van Economische Zaken， Landbouw en Innovatie,1855.Dutch Ministry of Agriculture， Nature and Food Quality (LNV),3.Ministerie van Economische Zaken (DICTU),2.Ministerie LNV,30.Ministerie van Economische Zaken， Landbouw en Innovatie / Agentschap Telecom,1.Ministerie van Economische Zaken (Ministerie van Landbouw， Natuur en Voedselkwaliteit),2.Office for Science & Technology Royal Dutch Embassy Berlin/Ministry of Economic Affairs,6.Ministerie van Economische Zaken， Directie Wetgeving en Juridische Zaken,1.Ministry of Economic Affairs， http://www。government。nl/ministries/ez,6.Ministerie van LNV ( detachering via Sogeti ),1.Ministerie van Economische Zaken (SOGETI),8.Ministerie van LNV / Directie IFZ,1.DLG， Government Service for Land & Water Management,1.Ministry of Foreign Affairs,4.Ministry of Agriculture and Rural Development,2.Ministerie van Economische Zaken (DR， Dienst Regelingen),2.Ministry of Economic Affairs The Netherlands,2.Ministry of Economics Affairs,1.ministerie van Landbouw， Natuur en Voedselkwaliteit (LNV),4.BNO / Ministerie van OCW / Ministerie van Economische Zaken,2.ministry of Agriculture， Nature and Food Quality,6.Minsitry of Economic Affairs， Agriculture and Innovation,2.Ministry of Agriculture (plantenziektenkundige dienst),6.Ministry of Agriculture， Nature & Food Quality,13.Ministerie van Economische Zaken/PIANOo/Tenderned,2.Ministerie en Rijksoverheid,3.Ministry of Economic Affairs； Ministerie van Economische Zaken,7.Ministries of Economic Affairs and Agriculture,1.DICTU， Dienst ICT Ministerie van Economische Zaken,2.Ministerie van Economische Zaken， Agentschap NL,3.Ministry of Economic Affairs， Agriculture and Innovation | Communication,3.Ministerie van Economische Zaken， Staatstoezicht op de Mijnen,2.Ministry of Economic Affairs， Agriculture & Innovation - The Netherlands,2.Ministerie van Algemene Zaken,18.Ministerie van Economische Zaken implementing agency Senter,1.Ministerie van Economische Zaken， Dienst ICT Uitvoering (DICTU),2.Ministério de Assuntos Econ00micos， Agricultura e Inova0400o do Reino dos Países Baixos,1.Ministerie van Landbouw， Natuurbeheer en Visserij in Den Haag,1.ministerie van Landbouw， Natuur en Voedselkwaliteit/Ministry of Agriculture， Nature and Food Quality,1.Ministerie van LNV， DICTU Assen,1.Ministry of Economic Affairs， Agriculture and Innovation,271.RVO - CBI (Centre for the Promotion of Import from Developing Countries),1.Ministerie van Economische Zaken / NVWA www。NVWA。nl,1.Dienst Landelijk Gebied (Ministerie van Economische Zaken， Landbouw en Innovatie),5.Ministerie Economische zaken Rijksdienst van Ondern,2.Ministerie van Economische Zaken， Landbouw en Innovatie (via Fier Mensenwerk),4.Ministry of Agriculture， Nature & Food Quality (LNV),2.CodePact,3.Ministerie van Economische Zaken/ Dienst ICT Uitvoering,3.Ministerie van LNV,2872.Ministerie van Economische Zaken ( Landbouw en Innovatie/ RVO),1.Ministry of Agriculture， Nature and Food Quality DICTU,4.Ministerie van EZ | directie Interne Zaken,1.Ministerie van Economische Zaken (Dictu) via OSA Oracle Specialisten,4.Ministerie van Economische Zaken， Landbouw en Innovatie - dienst Regelingen,3.Ministerie van LNV te Assen,1.Ministerie van Economische Zaken / Ministerie van Landbouw， Natuur en Voedselkwaliteit,7.Netherlands Ministry of Economic Affairs,692.Ministry of Economic Affairs - Government of the Netherlands,1.Ministerie van Economische Zaken Landbouw en Innovatie (EL&I),2.Embassy of the Netherlands in Korea,4.Ministerie van Economische Zaken - Department of Economic Affairs,1.Ministerie van LNV (VWA en DICTU),13.Ministry of Economic Affairs (Belgium),13.RVO。nl (Ministerie van Economische Zaken),8.Netherlands Ministry of Economic Affairs - Directorate for European and International Affairs,1.Ministry of Economic Affairs (EZ),6.Ministry of Economic Affairs， Agriculture & Innovation / Ministry of Foreign Affairs,2.Ministerie van Economische Zaken / Dienst Regelingen,4.DICTU - Ministerie van Economische Zaken， Landbouw en Innovatie,5.Ministerie van Economische Zaken,5386.Ministerie van Economische Zaken， Landbouw en Innovatie (via TFM),1.Ministerie van Economische Zaken RVO,1.Ministerie van Economische Zaken / DICTU,6.State Supervision of Mines / Staatstoezicht op de Mijnen,3.Innovatieplatform,1.Ministry of Agriculture， Nature and Food， Regulations Services,4.Ministry of Economic Affairs， Agriculture and Innovation (EL&I)， IT Operations Service (DICTU),1.Ministerie van LNV， Dienst ICT Uitvoering (DICTU),6.Ministerie van LNV (Bureau Heffingen),2.Ministerie van Economische Zaken/RVO,4.Ministry of Economic Affairs (formerly known as LNV),8.Ministerie van Landbouw en Visserij,3.Ministry of Economic Affairs - State Supervision of Mines,3.Ministerie van LNV， Dienst Landelijk Gebied,1.Ministry of Economics， Agriculture and Innovation,13.Ministry of Economic Affairs， Agriculture and Innovations,22.Netherlands Ministry of Economic Affairs， Netheralands Food and Consumer Product Safety Authority,1.National Regulations Agency， Ministry of Agriculture,1.Ministerie van Economische Zaken - Bureau Bestuursraad,4.Ministerie van Economische Zaken， Strategie & Organisatie,3.Ministerie van Economische Zaken -directie AEP,2.the Netherlands Ministry of Economic Affairs， Agriculture and Innovation,2.Ministerie van Economische Zaken， Landbouw en Innovatie (via Ordina),9.Ministry of Economic Affairs， Dept。 for Competition and Consumer Policy,3.Ministerie van Economische Zaken。,5.Department of Economic Affairs,3.Ministerie van Economische Zaken | Dienst Landelijk Gebied,2.Ministerie van Economische Zaken， Landbouw en Innovatie Directie Natuur en Biodiversiteit,4.Dutch Ministry of Agriculture,2.The Ministry of Agriculture， Nature and Foodquality； Economic Affairs。,3.Ministry of Economic Affairs - Ministerie van Economische Zaken (DICTU),2.Ministerie van Economische Zaken (Dictu),5.Ministerie van LNV - Directie Kennis / Adviesgroep Vegetatiebeheer,5.Rijksdienst voor Ondernemend Nederland / Ministerie van Economische Zaken,1.Stead,2.Ministerie van Economic Affairs,2.Permanent Representation of the Netherlands to the UN (FAO， WFP， IFAD),9.Dienst Regelingen (DR)， Ministerie van LNV,1.Ministerie van Economische Zaken (EZ),1.Min。van Landbouw en Visserij,3.Ministerie van Economische Zaken， Dient Landelijk Gebied,1.Ministerie van Buitenlandse Zaken,2.Ministry of Economic Affairs and Agriculture,4.Ministerie van LNV (Government),2.Ministry of Economic Affairs， Netherlands Embassy,2.Dienst Regelingen (Ministry of Agriculture Nature and Food Quality),3.Ministerie van Economie， Landbouw & Innovatie,7.Ministerie van Vrom,3.Ministry of Agriculture， Nature and Foodquality,11.Ministerie van LNV Inspecteur,3.Ministerie van economische zaken， landbouw en innovatie,11.Dienst ICT Uitvoering | Ministerie van Economische Zaken,10.Ministry of Economic Affairs Agriculture and Innovation,5.Ministry of Economic Affairs， Directorate smart regulation and ICT policy,13.Ministerie van LNV， Expertise Centrum LNV (EC-LNV),4.Ministerie van Economische Zaken (via I-Interim Rijk， onderdeel van BZK),1.Netherlands Ministry of Economic Affairs， DG Enterprise and Innovation， cluster IP,1.Ministerie van Economische Zaken / Directoraat generaal voor Energie,2.Ministry of Agriculture， Nature and Food Quality (LNV),6.Topsector Life Sciences and Health,5.Netherlands Ministry of Economic Affairs - Europe & International Affairs Directorate,1.Ministerie van Landbouw， Natuur en Innovatie (EL&I),1.Netherlands Ministry of Agriculture， Nature and Food Quality,7.Ministerie van LNV， Bureau Heffingen,1.Ministerie van Economische Zaken， Directie Mededinging en Consumenten,1.Ministry of Agriculture， Netherlands， Dienst Regelingen,2.Ministerie van landbouw natuurbeheer en visserij,1.Senter， Ministerie van Economische Zaken,2.Ministerie van LNV - LASER,2.Rijksdienst voor Ondernemend Nederland,6.Ministerie van LNV - Directie Informatiemanagement en Facilitaire Aangelegenheden,3.Ministry of Economy， Agriculture and Innovation， General Inspection Service,3.Ministerie van Economische Zaken， Landbouw en Innovatie，,3.Ministry of Agriculture， Nature and Food Quality,156.Research Institute of Ministerie van LNV,3.Ministerie van Economische Zaken (GisSense),10.Dienst Regelingen van het Ministerie van LNV,1.Ministerie van Economische Zaken / RVO,2.ministerie van Economische Zaken,4.Ministry of Economic Affairs， Agriculture， and Innovation,2.Ministerie van Economische Zaken DICTU (Dienst ICT Uitvoering),2.Netherlands Ministry of Economic Affairs / EVD / Agency NL,2.Ministerie van Economische Zaken - Staatstoezicht op de Mijnen,1.Ministerie van Economische zaken - Projectorganisatie VWNW,2.Ministery of Agriculture， Nature and Food Quality,1.Ministry of Economic Affairs & Agriculture,2.Ministerie van Economische Zaken，Dienst Regelingen,1.Ministerie van Economische Zaken， Rijkdsdienst voor Ondernemend Nederland,1.Ministerie van Economische Zaken - Rijksdienst voor Ondernemend Nederland,1.Ministry of Agriculture， Nature and Food quality and Community cultural diversity green education,4.Ministerie LNV Dictu,7.Bureau Heffingen (Ministerie LNV),1.Ministry of Economic Affairs (Netherlands),3.Ministerie van LNV， Directie Kennis,3.Directie Industrie en Handel via Mediaan,1.Ministerie van Economische Zaken (Ministry of Economic Affairs),15.Ministry of Economic Affairs， the Netherlands,12.Directie Regio en Ruimtelijke Economie (RRE),1.Research Institute for Insecticides,3.Ministry of Economic Affairs - NL Food and Consumer Product Safety Authority,3.Ministry of Agriculture， Nature and Food Quality， Department of Knowledge,4.nieuwe Voedsel en Waren Autoriteit， Ministerie van Economische Zaken， Landbouw en Innovatie,1.Vereffeningsorganisatie PBO - ministerie van Economische Zaken,4.Ministerie van Binnenlandse Zaken en Min。 van Economische Zaken,3.Ministerie van Economische Zaken | Van-Werk-Naar-Werk projectorganisatie,3.Netherlands Embassy Bangkok。 Office of Economic Affairs， Agriculture & Innovation,3.Ministerie van Economische Zaken， programmadirectie Nucleaire Installaties en Veiligheid,2.Ministerie van Economische Zaken - Agentschap Telecom,4.ministry of agriculture,1.Ministry of Economic Affairs / Netherlands Embassy in Tokyo and Seoul / NTIO in Taipei,9.LASER， Agency of Ministry of Agriculture， Nature Management and Fisheries,4.Ministerie LNV directie regionale zaken zuid,1.Netherlands Plant Protection Service,13.Yacht/Ministerie van Economische Zaken (RVO。nl),4.Ministerie van Economische zaken,7.Ministerie van Landbouw， Natuur en Voedselkwaliteit / Agentschap LASER,3.Ministry of Economic Affairs,512.Ministerie van Economische Zaken - Dienst ICT Uitvoering,4.DLG - Government Service for Land & Water Management,5.Dienst Regelingen via Mediaan,1.Nederlandse Voedsel- en Warenautoriteit (NVWA),1.Ministry of Agriculture,322.Ministerie van LNV - DLG,5.de nieuwe Voedsel en Waren Autoriteit (ministerie Econ。 Zaken， Landbouw en Innovatie),3.Ministry of Agriculture， Nature and Food Quality (LNV)， Netherlands,2.ministry of agriculture nature and food quality,2.Ministerie van LNV (Landbouw Natuur en Visserij),3.Ministerie van LNV - Dienst Landelijk Gebied,4.ministerie van LNV,22.Ministerie van Landbouw， Natuur en Visserij,3.Ministerie van Landbouw,11.Plantenziektenkundige Dienst， Ministerie van EL&I,1.Ministry of Economic Affairs - DICTU,3.Ministerie van LNV， DLG,1.Ministry of Agriculture， Nature and Fisheries,15.Ministerie van Economische Zaken， Landbouw en Innovatie (EL&I),13.Ministerie van Economische Zaken (Dienst Regelingen),1.Seconded to the Ministry of Economic Affairs,1.The Dutch Ministry of Economic Affairs， Agriculture and Innovation,6.Netherlands Ministry of Agriculture,12.Yacht/Ministerie van Economische Zaken (Dienst Regelingen),4.Ministry of Agriculture， Nature Management and Fisheries,16.Ministry for Economic Affairs,2.Inlichtingen- en Opsporingsdienst， nVWA at Ministerie van Economische zaken， Landbouw en Innovatie,1.Ministerie van Economische Zaken (voormalig ministerie van LNV),1.Regionale beleidsdirectie Oost,3.Ministerie van Landbouw， Natuurbeheer en Voedselkwaliteit,1.Ministry of Agriculture， Assen,6.Ministery of Economic Affairs,11.Ministery for Economic Affairs,6.Dienst Regelingen， Ministerie van Economische Zaken， Landbouw en Innovatie,8.Dept。 of Economic Affairs,5.The Netherlands Office of Science and Technology,2.LNV,16.Ministry of Economic Affairs/ Ministerie van Economische Zaken,24.Dutch Ministry of Economic Affairs， Agriculture and Innovation,20.Ministerie van Economische Zaken， Landbouw en Innovatie via Start People Professionals,1.Ministerie van Economische Zaken - Dienst Landelijk Gebied,10.Dienst Regelingen - Ministerie van Landbouw， Natuur en Voedselkwaliteit,3.Ministerie EZ (Economic Affairs),2.Ministerie van Economische Zaken/Dienst Landelijk Gebied,3.Ministerie van Economische Zaken -,3.Ministerie van Economische Zaken/ Rijksdienst voor Ondermend Nederland,1.Netherlands Ministry of Economic Affairs， Agriculture and Innovation,4.DICTU / Ministerie van Economische Zaken,4.Ministry of Agriculture / Ministerie van LNV,2.Ministerie van LNV NBLF,1.Ministerie van Economische Zaken (Dienst Regelingen Landbouw),3.ministry of Economic Affairs,6.Ministerie van Economische Zaken Landbouw en Innovatie,4.Ministry of Economic Affairs， The Hague,3.Ministry of Agriculture， Nature Managment and Fisheries,4.Ministerie van Economische Zaken & LTO Glaskracht,3.Ministerie van LNV，Dienst Landelijk Gebied,2.Ministerie van Economische Zaken - DG for Foreign Economic Relations,1.Ministerie van Economische Zaken /,1.Ministerie van LNV-Auditdienst,1.Dienst ICT Uitvoering (DICTU),8.Ministerie van Economische Zaken (voorheen Ministerie van LNV),2.Ministerie LNV Accountantsdienst,7.Ministerie van LNV， Informatie- en KennisCentrum (IKC),2.Ministerie van Economische Zaken， Directie Bedrijfsvoering， POOL,3.Netherlands Ministry of Economic Affairs， Directorate for Innovation & Knowledge,3.Ministry of Agriculture Nature and Food Quality,4.Dienst ICT Uitvoering， Ministerie van Economische Zaken,2.Ministry of Infrastructure and the Environment,13.Ministerie van LNV (Ministry of Agriculture， Nature and Food Quality),7.Dienst Landelijk Gebied， Ministerie van Landbouw， Natuurbeheer en Visserij,1.Ministry of Justice,3.Ministerie van Economische Zaken | Programma Ruimte in Regels,1.ministerie van EZ,6.lnv,2.Ministerie van Economische Zaken (voorheen Ministerie van LNV) Dienst Landbouwkundig Onderzoek,2.Ministerie van Economische Zaken， Dienst Regelingen,7.Dienst Regelingen (Ministerie van LNV),2.Ministerie EL&I,3.Plant Protection Service - Plantenziektenkundigedienst,1.Ministerie van Economische Zaken via Randstad Uitzendorganisatie BV,4.Ministry of Agriculture， Nature Management and Food Quality (LNV) - Dir Nature Management,3.Ministerie van Economische Zaken (voorheen Ministerie van LNV) Beleidsdirectie Natuur，Bos，Landschap,2.DICTU - Ministerie van Economische Zaken,1.Ministery of Economic Affairs， Agriculture and Innovation,13.ministerie LNV,1.Agentschap NL， Dienst Regelingen,1.Ministry of Economic Affairs - Dutch Radio Communications Agency,3.Ministerie van LNV， Consulentschap voor de Varkens- en Pluimveehouderij,1.Ministerie van EL&I/NL EVD Internationaal,1.Ministerie van Economische Zaken， Landbouw en Innovatie (via Sogeti),3.Ministerie van Economische Zaken (Agentschap NL),1.Ministry of Economic affairs， Agriculture and Innovation,4.Ministery of Agriculture， Nature and Food Quality in the Netherlands,1.Ministerie van LNV， Algemene Inspectiedienst,2.Ministry of agriculture nature and food quality,9.Ministerie van Economische Zaken voormalig LNV,1.Ministry of Economic Affairs， Agriculture and Innovation of the Netherlands,4.Ordina / Ministerie van Economische Zaken， Landbouw en Innovatie,1.Ministry of Economic Affairs in the Netherlands,1.AID,1.DLG， Ministerie van Economische Zaken,9.Ministerie LNV， PD,3.Ministerie van LNV - IN@Paris,4.Ministerie van Economische Zaken， Landbouw en Innovatie | Antwoord voor bedrijven,2.Ministery EL&I,5.Ministerie van Economische Zaken， Landbouw & Innovatie,6.Ministry of Agriculture， Nature and Food Quality of The Netherlands,2.Ministry of Economic Affairs - RVO。nl,5.Ministerie van Economische Zaken | Directie Dierlijke Agroketens en Dierenwelzijn,3.Ministerie van Economische zaken， Landbouw en Innovatie,8.Ministerie van Economische Zaken， Landbouw en Innovatie， Dienst Regelingen,4.RVO Juridische Zaken-Ministerie van Economische Zaken,2.ICT Expert  technologiebureau at Ministerie van Economische Zaken,1.Ministry of Economic Affairs， Agriculture and Innovation (EL&I),3
vwfs-taiwan-ltd。;Volkswagen Financial Services (China),5.Volkswagen Finance China Co。， Ltd。 & Volkswagen New Mobility Service Co。， Ltd。,9
connectbd-ltd。;ConnectBD Ltd。,1
coalition-for-the-homeless;Coalition for the Homeless central florida,1.Woodley House Inc， Washington DC,1.The Chicago Coalition for the Homeless,1.coalition for the homeless /Washington DC,1.Coalition for the Homeless,238.Coalition for the homeless,1.Chicago Coalition for the Homeless,10
turning-earth-llc;Turning Earth LLC,1
personalpostproduction;Personal03 Post production,3
door2door-bv;Door2Door B。V。,1
robinson-&-assoc;Robinson & Assoc,1
valence-process-equipment;Valence Process Equipment,1
master-management-entreprises-culturelles;Groupe Ecole supérieure de Commerce de Dijon Bourgogne,1
elite-fitness-connection;Elite Fitness Connection,6
mehta-tech-inc。;Mehta Tech， Inc。,1
synq-access;SYNQ Access & Security Technology,2
we-work-we-play;We Work We Play,30
gamma2-robotics;Gamma2 Robotics,4
id-logistics;ID Logistics - Brasil,2
two-harbors-high-school;Two Harbors High School,1
prostar-marine-services-pte-ltd;Prostar Marine Services Pte Ltd,2.PROSTAR MARINE SERVICE PTE LTD,2.PROSTAR MARINE,2
svg-lithography;Svg Lithography,5
lyons-design;Lyons Design,1
avro;Avroy Shlain Midreef,2.AVROTROS,1
britton-solutions;Britton Solutions,4
rando-&-associates;Rando and Associates,8.Rando & Associates,3
axxair-usa;AXXAIR USA,15
autoverkehr-grindelwald-ag;Autoverkehr Grindelwald AG,1
ningbodcc;Ningbo DCC Chemicals Ltd，。 Co,1
burgerkingrd;Burger King03,7
gambling-commission;Gambling Commission,3
staging-by-dwell;Columbus IAHSP Regional Chapter,1.Staging by DWELL,2
delta-express-systems;Delta Express llc,1.Delta Express LLC,6.Delta Express Systems,1
london-transit-commission-the;London Transit Commission， The,4
ctc-tecnologia;CTC Tecnologia,5.Grupo CTC,2.CTC Telecom Campinas,4
%E4%B8%89%E9%87%8D%E5%A4%A7%E5%AD%A6;Mie University,3
harvard-college-wine-society;Harvard College Wine Society,1
cds-worldwide;CDS Worldwide Pty。 Ltd。,4.CDS Worldwide,6
comparic-pl;Comparic。pl,1
stc-technologies-pvt-ltd;STC Technologies Pvt Ltd,2
shayne-house-studio;Shayne House Studio,1
task-force-tips-inc-;Task Force Tips， Inc。,35.Task Force Tips,4
applied-micro;Applied Micro,3
via-esca-oy;Via Esca Oy,6
northshore-school-district;Northshore Relay for Life,1.Northshore School District,1
coll%C3%A8ge-esther-blondin;Collège Esther-Blondin,4
%E0%B8%A1%E0%B8%AB%E0%B8%B2%E0%B8%A7%E0%B8%B4%E0%B8%97%E0%B8%A2%E0%B8%B2%E0%B8%A5%E0%B8%B1%E0%B8%A2%E0%B9%80%E0%B8%8A%E0%B8%B5%E0%B8%A2%E0%B8%87%E0%B9%83%E0%B8%AB%E0%B8%A1%E0%B9%88;Faculty of Political Science and Public Administration， Chiang Mai University,2.2121282720212228252722222821222525212120,12.Chiang Mai University， University Academic Service Center,2.2121282720212228252722222821222525212120 (Chiang Mai University),1.Department of Computer Science， Faculty of Science， Chiang Mai University,2.Chiang Mai University,79
pop-up-;Pop Up!,2
dimes-college;DIMES College,1.DIMES， Inc。,4
amity-health;Amity Health LLC,1.Amity Health,94
vigo-remittance-corp;remi corp,1
social-media-planner-pty-ltd;Social Media Planner,2
quaron;Quaron,2
cbc-advisors;CBC Advisors,10.Coldwell Banker Commercial Intermountain,1
oandogas&power;Oando Gas & Power,8
allcore360;AllCore360°,3
adn-manufacturing;ADN MANUFACTURING,1
umanizzare-gest%C3%A3o-prisional-privada;Umanizzare Gest00o Prisional Privada,24
acceleratekid;AccelerateKID03,5
c&s-flooring-systems;C&S Flooring Systems,1.C&S Flooring Group,1
grupocrk;CRK,1
browncomposer;Brown Composer,1
courses-com-au;Courses。com。au,1
atlas-van-lines-canada-ltd-;Guelph Moving & Storage， Atlas Van Lines (Canada) Ltd。,2.Atlas Van Lines (Canada) Ltd。,124
arush-metalcasting-ltd;Arush Metalcasting Ltd,4
whitehouseandsonopticians;Whitehouseandsonopticians,1
lad%27s-technologies-pvt-ltd。;LADS Technologies Pvt Ltd,3.LAD'S TECHNOLOGIES PVT LTD。,58.Lad's Technologies Pvt Ltd，,9.Lads Technologies Pvt Ltd,11.LADS TECHNOLOGIES PVT LTD,2.LAD’S Technologies,5.Lad's technologies,2.Start-up,2
york-county-guardian-ad-litem;GUARDIAN AD LITEM,1.Guardian Ad Litem Office,1
fak-distribtuin;FAK Distribution,7
taplet;Taplet,1
patsyart-innovation;Patsyart Group,1.Patsyart Innovation,1
breaking-bad-interactive-bbi-;Breaking Bad Interactive,2.Breaking Bad Interactive (BBI),4
build-bright-university;Build Bright University,58
lion-den-inc。;Lion Den Inc。,7
icp-accountancy-limited;ICP Accountancy Limited,28
global-info-ltd;Global-info ltd,1
baldini-alimentos;Baldini alimentos,5
raccoon-valley-state-bank;Raccoon Valley State Bank,1
bromley-%27y%27;BROMLEY 'Y',8
new-vision-foundation-inc;New Vision Foundation Inc,4
healthcare-is;Healthcare IS,1
kayodeo_bembeco。co;Kayode Obembe & Co。 Ltd,1
kantishna-roadhouse;KANTISHNA ROADHOUSE,3
peak-imaging-limited;PEAK IMAGING LIMITED,2
wagner-college;Wagner College,6
rms-consultores;RMS CONSULTORES,1
coworkinn;Coworkinn - a coworking enterprise dedicated to supporting entrepreneurs and independent workers。,3.Coworkinn,9
dan-marino-foundation;The Dan Marino Foundation,59.Marino Campus， a project of the Dan Marino Foundation,2.Dan Marino Foundation,116
wellaware-inc-;WellAware Holdings， Inc。,2.WellAware。us,78.WellAware,4.Wellaware Holdings,4
physvisible;PhysVisible,50
westec-environmental-solutions-llc;Westec Environmental Solutions LLC,6
%E6%97%A5%E6%9C%AC%E7%94%B5%E4%BA%A7%E7%A7%91%E5%AE%9D%EF%BC%88%E6%B5%99%E6%B1%9F%EF%BC%89%E6%9C%89%E9%99%90%E5%85%AC%E5%8F%B8;日本电产集团公司,2.日本电产科宝（浙江）有限公司,122
gaucha;Rádio CDN - Rede Gaúcha SAT,1.Querencia Gaúcha,1
mondial-group-srl;Mondial Groupe France,1.mondialgroup,5.Mondial Group,1.Mondial Group srl,47
los-angeles-homeless-services-authority;Los Angeles Homeless Services Authority,5
system-c-healthcare;System C Healthcare,6
everything-entertainment-ltd;EVERYTHING ENTERTAINMENT LTD,2
rigetti-computing;Rigetti Computing,1.Rigetti Quantum Computing,1
gold-point-transportaion-inc;Gold Point Transportaion Inc,2
tam-promotions;Tam Promotions,6
the-be-phat-motel-film-company;The Be Phat Motel Film Company,4
lingual-kids-inc;LINGUAL KIDS INC,1
xpowerbe;XPower Automotive Software N。V。,3.Xpower - IT drives your business,3
anacrusis-press;Anacrusis Press,1
urban-girl-s。r。l。;URBAN GIRL S。R。L。,1
mount-lawn-memorial-gardens-&-reception-centre;Mount Lawn Memorial Gardens & Reception Centre,4.Mount Lawn Memorial Gardens and Reception Centre,1
uojm;University of Ottawa Journal of Medicine (UOJM),15.Department of political science， University of Ottawa,2
mockingbird-pictures;Mockingbird Pictures,41
doctor-sound-home-theater-inc。;Doctor Sound Home Theater， Inc。,5.Doctor Sound Smart Homes,1
mobile-affiliate-marketer;Mobile Affiliate Marketer,2
pec-university-of-technology-chandigarh;PEC University of Technology， Chandigarh,1
dino-marco-s%C3%A0rl;Dino Marco Sàrl,1
indiahotelsroom-com;IndiaHotelsRoom。com,1
wireless-iot-forum;Wireless IoT Forum,12
luck-you;Luck You,2
reliance-communications;Reliance Communications,11.Reliance Comminications Ltd,1
cpa-wernher-von-braun;Centro de Pesquisas Avancadas Wernher von Braun,2.Von Braun Labs,13.von Braun Labs,15.Wernher von Braun Center for Advanced Research,1.CPA Wernher von Braun,17.Wernher Von Braun Advanced Research Center,1.Wernher von Braun Advanced Research Center,7.Centro de Pesquisas Avan04adas Wernher von Braun,7
alphacore-design;AlphaCore Design,1
r%C3%A5d-&-bokf%C3%B8ring-stein-j%C3%B8ran-bomstad;R03D & BOKF01RING Stein-J03ran Bomstad,1
porvoon-kirjakeskus-oy;Porvoon Kirjakeskus Oy,5
q-landscaping;Q Landscaping,5
park-meadows-pilates-&-physical-therapy;Park Meadows Pilates & Physical Therapy,7
xealth;Xealth,1
active-visions-inc;Active Visions INC,19
schutrups-schoenen;schutrups schoenen,1
ge-consulting-group;GE Consulting Group,6
nordic-digital-alliance;Nordic Digital Alliance,17
wrmk-lawyers;WRMK Lawyers,47
r-coach;R-coach,3
makeworks;MakeWorks,1
axitec-gmbh;Axitec Energy GmbH & Co。 KG,2
audi-boulder;Audi Boulder,1
bond-recruitment-pty-ltd;Bond Recruitment Pty Ltd。,3
etcetera-remodeling;Etcetera Remodeling,2
uma-raquel-davidowicz;UMA Industria e Comercio lta,1.Uma,1.UMA,15
tulare-community-health-clinic;Tulare Community Health Clinic,15
moneygate-financial-services-ltd;Moneygate Financial Services Ltd,1
infodesign-ab;InfoDesign ab,1
eloquense;Eloquense Oy,2.Eloquense,1
duncan-tree-films;Duncan Tree Films,3
baker-equipment;Baker Equipment,51.Baker Equipment Engineering Co。,2
%E5%B9%BF%E5%B7%9E%E4%B8%AD%E5%8C%BB%E8%8D%AF%E5%A4%A7%E5%AD%A6%E9%87%91%E6%B2%99%E6%B4%B2%E5%8C%BB%E9%99%A2;广州中医药大学金沙洲医院,1
ten-counties;Ten Counties,3
start-now-tools-inc。;Start Now Tools， Inc。,1
asg-it-solutions;ASG IT Solutions,17.ASG IT Support Services,8
plus-ad;Plus/ad,1.Plus/AD - agência digital,8
lodge-at-val-sarl;LODGE AT VAL SARL,1
circle-of-hope-challenge;Circle of Hope Challenge,4.circle of hope challenge,2
stoneview-projects-&-commercial-property-brokers;Stoneview Projects & Commercial Property Brokers,2
latuff-brothers-auto-body;Latuff Brothers Auto Body,7
ajilon-uk;Ajilon UK,1.Ajilon Consulting,1
tbyte-sa;TBYTE SA,2.TBYTE,2
samrya-trading-and-contracting-company;Samrya Trading and Contracting Company,1
dexgreen-ltd;DexGreen Ltd,5
wingz-marketing;Wingz Marketing,1
leslie-miller;Leslie Miller,1
kumpulan-wang-persaraan-diperbadankan-;Kumpulan Wang Persaraan (Diperbadankan),1
matthew-james-solutions;Matthew James Solutions,1
atan-engenharia-ltda;Atan Engenharia Ltda,1
4dee-technologies;4Dee Technologies,13.4dee Technologies,5
national-school-of-journalism-bangalore;National School of Journalism， Bangalore,3
funcxnal;Funcxnal,4
fev-italia;FEV Italia s。r。l。,1
green-technologies-sarl;Green Technologies SARL,4
ecair;ECAir - Equatorial Congo Airlines,1
tronics;Tronics,15.Tronics Pty Ltd,2
thai-thai-restaurant;Thai Thai Restaurant,2
prime-services-group-inc;Prime Services Group Inc,4
triple-a-communications;Triple A Communications,2
centennial-farms;Centennial Farms,3
verify-engage;Verify Engage,2
moneta-group;Moneta Group,14.Moneta Group， The Blair， Steffens， Sheehan Team,1
placebuilder-architects;PlaceBuilder Architects,6
i-love-josephine;I Love Josephine,1
white-horse-group;White Horse Group,1
central-bank-of-armenia;Central Bank of Armenia,4
business-bytes-biz;Business Bytes,1
breakaway-consultants;Breakaway Consultants,1
fitcheck;Fitcheck,1
njiuko-gmbh;Njiuko GmbH,5
beer-baron-bar-&-kitchen;Beer Baron Bar & Kitchen,1
norsearch-industries-ltd;Norsearch Industries Ltd,1
artefact-pcpl-group-;Prabhat Containers Pvt。 Ltd。,1
dictaphone;Dictaphone,1
dr-kn-modi-foundation;K。N。 Modi foundation,1.Dr。 KN Modi Foundation,1.Dr KN Modi Foundation,66.DR。 K。 N。 MODI FOUNDATION,5.Dr KN Modi Institute of Pharmaceutical Education and Research,2.Dr。 K。N。 Modi Foundation,3.KNGD Modi Engineering College,1.Dr。 K。 N。 Modi Foundation,1.Dr。 K。N。 MODI FOUNDATION， GHAZIABAD,2.DR。 K。N。 MODI FOUNDATION,3.Dr。 K。N。 Modi Institute of Engineering & Technology,7
luxshare-precision-industry-co-ltd-;Luxshare Precision Industry Co。， Ltd。,1
the-invicta-hotel-limited;THE INVICTA HOTEL LIMITED,3
magnolia-grill;Magnolia Grill Restaurant,8.Magnolia Grill,5
valuevector;ValueVector,4
flaum-appetizing-corp;FLAUM APPETIZING CORP,1
psychology-and-law-consultants;Psychology and Law Consultants,2
fishbowlinc;Fishbowl Marketing Analytics,3
aneca-services-nv;Aneca Services NV,2
oas-direct;OAS Direct,1
re-max-pasha-bodrum;REMAX PASHA BODRUM,1
egg-energy-sia;EGG ENERGY SIA,1
mpact;Mpact Operations (Pty) Ltd,2.Mpact,58.MPACT,4.mpact,11.mpact plastic,1
shenzhen-invt-electric-co--ltd-;Shenzhen INVT Electric Co。，Ltd。,30.英威腾,1
pool-sci-italia-italian-ski-pool;POOL Sci Italia / Italian Ski Pool,8
rutherford-street-insurance-services;Rutherford Street Insurance Services,8
%E5%88%9B%E7%94%9F%E6%95%99%E8%82%B2%E7%A7%91%E6%8A%80-%E5%8C%97%E4%BA%AC-%E6%9C%89%E9%99%90%E5%85%AC%E5%8F%B8;创生教育科技(北京)有限公司,1
aluwind;Aluwind Guangdong Windpower Co。， Ltd,1.Aluwind,2
g。i。c-l&m-dept。;G。i。C L&M Dept。,5
shandong-yikuang-drilling-technology-co-ltd;Shandong Yikuang Drilling Technology Co。，Ltd,2
university-mechanical;University Mechanical and Engineering Contractors,2
van-dieven-sven;VAN DIEVEN SVEN,1
e-on-global-commodities;E。ON Global Commodities SE,2.E。ON Energy Trading SE,2.E。ON Global Commodities,1
hefei-normal-university;Hefei Normal University,13
sd-legal;SD Legal Limited,17
amplifychange;AmplifyChange,12
d-a-s-design-air-systems;Design Air Systems ( D。A。S。 ),3
lifeskills-inc。;LifeSkills， Inc。,1
fujitsu-luxembourg;Fujitsu Luxembourg,1
light-harvest-studio;Light Harvest Studio,12.Light Harvest Studios,3
wetlands-international;Wetlands International,64.Wetlands International Africa,2.Wetlands International Africa - Kenya Office,1
intersection-imports-and-exports;Intersection Imports & Exports,2
better-air-north-america;Better Air North America,2
international-federation-of-muaythai-amateur;International Federation of Muaythai Amateur,6
magus-consultants-ltd;MAGUS CONSULTANTS LTD,1
hard-way-mba;Hard Way MBA,2
news-release-basketball;News Release Basketball,1
robin-hill-construction;Robin Hill Construction,7
bambooagile;Bamboo Agile,1
securitas-direct-verisure-group;Verisure by Dansikring Direct A/S,1.Verisure Securitas Direct,6.Dansikring Direct A/S,1.Securitas Direct (Dansikring Direct),1
socialshaker;Socialshaker - Facelift Group,3.Socialshaker,81
cinelicious;CINELICIOUS,1
papeteries-et-cartonneries-lacaux-freres-s。a;PAPETERIES ET CARTONNERIES LACAUX FRERES S。A,1
franchise-profit-center;Franchise Profit Center,4
resultstrack;ResultsTrack,1
copper-river-seafoods-inc。;Copper River Seafoods， Inc。,12
cornerstone-custom-homes;Cornerstone Custom Homes， Inc。,5
notre-abri-pour-les-tout-petits;Notre Abri Pour Les Tout Petits,13
seafood-house;Seafood House,4
paramina-earth-technologies-inc-;Paramina Earth Technologies， Inc。,8.Paramina Earth Technologies， Inc。 (Philippine Partner of Dassault Systèmes for Natural Resources),1
herm-logic;HERM Logic and HERM Tech-Logic,2
autoschade-nistelrode-bv-aas;Autoschade Nistelrode bv AAS,1.AAS Autoschade Nistelrode BV,2
bonanza-medical-tourism;Bonanza medical tourism pvt ltd。,1.Bonanza Healthcare,7.Bonanza Medical Tourism,5
wspf;WSPF,1
freelance---self-employed;freelance - self employed,3
mondovox-creative-group;MondoVox Creative Group,4
slodkie-upominki;Slodkie Upominki,1.S00odkie Upominki,1
talking-drum-media;Talking Drum Media,2
clothestime-stores-inc;Clothestime Stores， Inc,1
mountain-america-credit-union;Mountain America Credit Union,2
on-call-staffing-solutions-inc-;On Call Staffing Solutions， Inc。,1
decypher-technologies;Decypher Technologies,2
coens-energy;COENS,1.COENS Energy,4
latteria-montello;Latteria Montello S。p。A。,1
amz-tracker;AMZ Tracker,1
edo-registeraccountants-en-belastingadviseurs;EDO Registeraccountants en Belastingadviseurs,1
galerie-daniel-besseiche;Galerie Daniel Besseiche,1
virginia-tech;Virginia Tech,2.Virginia Tech Division of Student Affairs,1
sip-city-dc;Sip City,1
chromagen-solar-australia-pty-ltd-;CHROMAGEN SOLAR AUSTRALIA PTY。 LTD。,1
altura-films-patagonia;Altura Films Patagonia,3
n-gate-ltd;n-gate ltd,4
jans-auto;Jans Auto,2
acresis;Acresis LLC,49.Acresis LLC， Mocheck， CoAdAct,3
hds-energy-ltd。;HDS Energy,1.HDS Energy Ltd。,33
cell-a-net-printer-services;CELL-A-NET Printer Services,11
womeninfintech;Women in Fintech,1
rti-cryogenics-inc-;RTI Cryogenics Inc。,1
bitex-ltd;Bitex S。A。,1.BitEx Ltd,8.BITEX,1
popular-automobiles-pvt-ltd-;Popular Automobiles,1.Popular Vehicles & Services Ltd。 Thrissur,4.Popular Automobiles Pvt。 Ltd。,41
atalayar-entre-dos-orillas;ATALAYAR entre dos orillas,8
youngship-cyprus;YoungShip Cyprus,1
alta-engineers;Alta Engineers,4
inspire-property-management-nz;Inspire Property Management NZ,25
ord-agencies-llc;ORD AGENCIES， LLC,1
pegue-e-pese;Pegue E Pese,1
structiva;STRUCTIVA,1
saint-thomas-more-high-school;St。 Thomas More High School,225.St。 Thomas More HIgh School,2.St Thomas More High School,7.ST。 THOMAS MORE HIGH SCHOOL,2.St。 Thomas More,1.Saint Thomas More High School,25.Saint Thomas More HIgh School,49
fh-kufstein;FH Kufstein Tirol Bildungs GmbH (University of Applied Sciences),1.FH Kufstein Tirol C University of Applied Sciences,8.FH Kufstein,3.FH Kufstein Tirol - University of Applied Sciences,17.Fachhochschul-Studieng01nge Kufstein Tirol,1.Kufstein University of Applied Science,3.FH Kufstein Tirol Bildungs GmbH,27
caritas-luxembourg;Caritas Luxembourg,1
redyfrance;Redy,3
kobe-japanese-steakhouse;Kobe Japanese Steakhouse,1
adaa;ADAA,1
crest-research;CREST RESEARCH,13
cargorhconseil;cargoRHconseil,1
pond-hockey-classic;Pond Hockey Classic,87.The Pond Hockey Classic,9
blue-chip-marketing-worldwide;Blue Chip Marketing & Communications,1.Blue Chip Marketing Worldwide,3
holiday-entertainment-inc;Holiday Entertainment Inc,1
enacom;ENACOM,11
undo。fi;Demoscene,1
atc-language-&-travel;ATC Language Schools,2
pantel;PanTel,9
poly-pack-s。r。l。;POLY-PACK S。R。L。,1
woo-agency;Woo Agency,5.The Woo,1
efficient-powertech-solutions-pvt-ltd;Efficient Powertech Solutions Pvt Ltd,1
sfg-wealth-planning-services-inc-;SFG Wealth Planning Services， inc。,1
muutos-change-for-better;Muutos - Change For Better,2
%E8%8B%8F%E5%B7%9E%E6%9C%97%E6%B6%A6%E5%8C%BB%E7%96%97%E7%B3%BB%E7%BB%9F%E6%9C%89%E9%99%90%E5%85%AC%E5%8F%B8;苏州朗润医疗系统有限公司,1
flexleg;FlexLeg,1
hehnan-mone-technology-co。-ltd;Mone Printing Co。，Ltd,2
yemeknet;YemekNET,1
university-of-bolton;Machine-Mediated Multimodal Communications (M3C) Lab， University of Bolton,4.University of Bolton,1987.University of Bolton， RAK Campus， Ras Al Khaimah， UAE,5.Institute of Educational Cybernetics (IEC) The University of Bolton,3.The University of Bolton Students' Union,2.The Institute of Educational Cybernetics at The University of Bolton,3.University of Bolton - Business School,1.the University of Bolton， UK,2.the University of Bolton,2.International Student Society University of Bolton,3.Bolton Institute of Higher Education (now University of Bolton),11.University of Bolton/Bolton at Home,2.University of Bolton， RAK Acdemic Centre， UAE,1.University of Bolton Students Union,1.The University of Bolton,955.School of Art， Media & Education， University of Bolton,4.University of Bolton UK (Bolton Institute),5.university of bolton,1.University Of Bolton,2.Bolton Institute (University of Bolton),2.Alliance Learning in collaboration with the University of Bolton,2.Bolton Institute,33.BMS， Colombo City College， University of Bolton，UK， Oxford College of Business，,31.University of Bolton ， RAK， UAE,2.The Institute for Renewable Energy and Environmental Technologies (IREET)， University of Bolton,1.Bolton University,3
kaitaia-abundant-life-school;Kaitaia Abundant Life School,1
european-medical-students-association;European Medical Students Association,20.EMSA,1
second-language-literacy-&-learning-connection-llc;Second Language Literacy & Learning Connection， LLC,1
klondike-sound-co;Klondike Sound Co,7
innokampus-oy;Innokampus Oy,6
omni-realtors;Omni REALTORS， Inc,2.Omni Realtors,15.Omni Property Management,6
family-travel-forum-inc;Family Travel Forum,1
guangzhou-chemicals-imp。-&-exp。-co。-ltd;Guangzhou Chemicals Imp。 & Exp。 Co。， Ltd,2
clove-dental;Clove Dental,2
ventas-especiales;Ventas Especiales,1
archicopro-sarl;ARCHICOPRO SARL,1
gentil-sayre-limited;Gentil Sayre Limited,2
sree-sastha-institute-of-engineering-and-technology;Sree Sastha Institute of Engineering And Technology,8.sree sastha college of engineering,5.Sree Sastha Institute of Engineering and Technology,2.Sree Sastha Institute of Engineering & Technology,1
outlaw-fireworks;Outlaw Fireworks,1
%E5%B0%A7%E6%9F%8F%E6%B0%B4%E6%B3%A5%E6%9C%89%E9%99%90%E5%85%AC%E5%8F%B8;尧柏水泥有限公司,6
corro-shield-international-inc-;Corro-Shield International Inc。,1
three-points;Three Points - legal solutions,2
fifthwave-solutions;Fifthwave Solutions,1
gie-younited;GLOBAL VALVE SERVICES / YOUNITED,6.GIE YOUNITED,6
good-dog-happy-dog;Good Dog Happy Dog,1
sportlobster;Sportlobster,2
aaa-fair-credit-foundation;Fair Credit Foundation,1.AAA Fair Credit Foundation,49
mortgage-trueview;Mortgage TrueView,1
honda-engineering-asian-co-ltd-;Honda Engineering Asian Co。， Ltd。,1
the-divorce-consultancy;The Divorce Consultancy,3
pharmako-consultoria;PharmaKo Consultoria,1
virtusapolaris;VirtusaPolaris,2
m-linx;M-LinX,2
decision-tree-technologies;Decision Tree Technologies,2
alerte-llc;Alerte LLC,3
rendrd-magazine;RENDRD Magazine,13
commission-scolaire-du-val-des-cerfs;Commission Scolaire du Val-des-Cerfs,5.Commission scolaire du Val-des-Cerfs,253.Commission Scolaire Du Val-des-cerfs,2.Commission scolaire du Val des Cerfs,3.Commission scolaire du Val-des-cerfs,1.Centre régional intégré de formation (CRIF) Commission scolaire du Val-des-Cerfs,5
intelecom-norge-as;Intelecom Norge AS,5
axe-consulting;AXE Consulting,4
borough-of-bloomingdale;Borough Of Bloomingdale,10
%E4%B8%87%E4%BF%A1%E8%BE%BE%E5%B9%BF%E5%B7%9E%E7%A7%91%E6%8A%80%E5%88%B6%E5%93%81%E6%9C%89%E9%99%90%E5%85%AC%E5%8F%B8;万信达广州科技制品有限公司,1
rexnordcorporation;Rexnord,14.Rexnord Corporation,18.REXNORD INDUSTRIES,4
boston-market;Boston Market - BCE West,1.Boston market,1.New Hope Tutoring Program,1.Boston Market Corporation,16.Nanny,2.Boston Market， Inc。,2.Boston Market Corp,3.boston market,1.BOSTON MARKET,1.Boston Market,516.Boston market INC,1.bch,2.Boston Market Corporation (formerly Boston Chicken， Inc。),1.Boston Market (Boston Chicken),1.Boston Market / Einstein Bros。Bagels,1.Boston Market， Chelmsford， USA,1.Boston Market (Acquired by McDonald's),2.Boston Market Corp。,1.Boston Market - The Catering Experts,2.Boston Market Corporation (McDonalds),1
sanyo-solar-of-oregon;Sanyo Solar of Oregon,2
growth-360;growth 360,20.Growth360,1
comiasia-pte-ltd;ComiAsia Pte Ltd,1
enterprise-partners-venture-capital;Enterprise Partners Venture Capital,7.Enterprise Partners Venture Capital， LLC,2
c4-workspace-llc;C4 Workspace LLC,1
urosphere;UROsphere,1
romanoberger-llc;RomanoBerger LLC,12.Romano Berger LLC,2
mm-infotec-gmbh;Mm-infotec GmbH,3.MM Infotec,1
allermuir-limited;Allermuir Limited,96.Allermuir-USA,2.Allermuir Inc。 (Part of The Senator Group),2.Allermuir,6
lifestream-therapy;LifeSTREAM Therapy,2
elite-furnitureservice;Elite FurnitureService,5
netijam-technologies;Netijam Technologies,8.Netijam - SISnet360,17
jes-management;JES Management,3
cala-gonone;Cala Gonone,1
west-euro-bikes;WEST EURO BIKES,4
pear-tree-farm;Pear Tree Farm,4
pb&m-consultoria;PB&M Consultoria,4
it-optionz;IT Optionz,1
a-piece-of-paradise;Piece of Paradise,4
bazaarvoice;Bazaarvoice,12
freelance-photographer-independent-artist;Freelance Photographer / Independent Artist,2
silstar;Silstar,1
isayblog-;IsayBlog!,1
webosity;Webosity,3
kaules-sales-&-marketing-consulting;Kaules smc,2
ahk-design-studio---india;AHK Design Studio - India,2
axel-koenders-fit-service;Axel Koenders Fit-Service,4
lethcoetax;Lethcoe Tax & Accounting Inc。,3
cincin-ristorante-bar;CinCin Ristorante + Bar,62
tikshoov;Tikshoov Romania,1.Tikshoov Global,1.Tikshoov,57
top-spot-real-estate-broker-l-l-c;Top Spot Real Estate Broker L。L。C,17
sabates-eye-centers;Sabates Eye Centers and Vision Research Foundation,5.Sabates Eye Centers,93
american-airlines-center;American Airlines Center,1
meine-wunschhochzeit;Meine Wunschhochzeit wow,2.Meine Wunschhochzeit,4
pedasys;Pedasys,1
granite-information-systems;Granite Information Systems,1
centomo-gmbh-&-co。-kg;centomo GmbH & Co。 KG,33.Centomo GmbH & Co。 KG,1.centomo GmbH & Co。 KG Personalberatung,3.CENTOMO GmbH & Co。 KG,18
branch-interactive;Branch Interactive,13
jacctourism;Jones & Co Collection,4
foresight-sports-europe;Foresight Sports Europe,33
j%C3%B8tul-uk;J03tul UK Ltd,1.J03tul uk,2
afken-financial-services;Afken Wealth Management,1.Afken Financial Services,31
ctaima-consulting;CTAIMA Consulting & Outsourcing,1.Ctaima Outsourcing & Consulting S。L。,2.CTAIMA Outsourcing&Consulting，SL,1.CTAIMA Outsourcing & Consulting， S。L。,173.CTAIMA Outsourcing & Consulting， S。L,1.CTAIMA Outsorcing & Consulting,1.CTAIMA Consulting,4
devereux-architects;PM Devereux,1.Devereux Architects,1
arbomedia;ARBOmedia,2
jiangmen-yousheng-glass-co。-ltd;江门市友升玻璃有限公司 Jiangmen Yousheng Glass Co。，Ltd,4
overhead-surf-shop;OVERHEAD SURF SHOP,5
ficode-technologies-limited;FICODE TECHNOLOGIES LIMITED,8.Ficode Technologies Limited,2.Ficode Technologies,3
braintree-technologies;BRAINTREE TECHNOLOGIES,13.Braintree Technologies LLC,6.http://www。braintreeus。com/,2
sarah%27s-inn;Sarah's Inn,2
raj-film-productions-int;Raj Film Productions Int,10
avasa-rx;AvasaRx,11
max-hemp;Max Hemp sp。 z o。o。,1
escuela-matriztica-de-santiago;Matriztica,1
e-sharp-consultants-ltd;E Sharp Consultants Ltd,2
bstu-belarus;Belaruski Dzjar06auny Tehnalagièny Universitet,3.Belarusian State Technological University,2
mooney-insurance-brokers;Mooney Insurance Brokers,2
goldi-green-surat;Goldi Green Surat,1
sumipropertiesgroup;Arris Properties Group,10.Sumi Properties Group,7
watson-and-associates;Watson and Associates,14
%E6%9C%9D%E9%98%B3%E4%BF%9D%E5%AE%89%E5%85%AC%E5%8F%B8;朝阳保安公司,1
standard-office-systems;Standard Office Systems,2
atul-vidyalaya;Atul Vidyalaya,18
hutchinson-palamos;HUTCHINSON PALAMOS,131.HUTCHINSON PALAMOS S。A。,12.HUTCHINSON PALAMOS SA,2.Hutchinson Palamós SA。,2.HUTCHINSON,4.HUTCHINSON PALAMOS // HUTCHINSON NICHIRIN BRAKE HOSES (HNBH),2
hsm-informatika;HSM Informatika,2.HSM informatika,94.HSM Informatika d。o。o。,3
evision-technologies-limited;Evision Technologies Limited,1
cistc;CISTC,3
sushi-zushi-inc。;Sushi Zushi of Texas， LLC,1
exceleration-capital-llc;Exceleration Capital LLC,1
%E5%A4%A9%E9%A3%8E%E8%AF%81%E5%88%B8%E8%82%A1%E4%BB%BD%E6%9C%89%E9%99%90%E5%85%AC%E5%8F%B8;天风证券股份有限公司,797.TianFeng Securities Co。 Ltd,2
contractors-and-builders;Contractors and Builders,2
u-can-sing-karaoke;Sing King Karaoke,5
confederation-africaine-de-football;Confederation Africaine de Football (CAF),3
unreel-ph;Unreel,6
justis;Justis Publishing,1
plmsoft-co。-ltd;PLMSOFT Co。，Ltd,3
t-o-tech-gives-back;T。O。 Tech Gives Back,11
puya;Puya,2
the-whitehall-hotel;The Whitehall Hotel,1
routetrading-limited;N。A。Z。 Bangladesh Ltd,1.GARMENTS TRADING LIMITED,1.Garments Trading,26.GARMENTS TRADING,36
stag-hair-parlor-llc;STAG HAIR PARLOR LLC,1
extrahop-networks;ExtraHop,160.ExtraHop Networks,291
notre-dame-college;Notre Dame College,3
360-transformation;360 Transformation,2
ohio-department-of-job-and-family-services;Ohio Department of Job & Family Services,1
rafter_inc;Rafter， Inc。,1.SoftBistro,1
sonic-motor-racing-services;Sonic Motor Racing Services,11
leveraged-consulting-group;Leveraged Consulting Group,1
turban-chopsticks;Turban Chopsticks,1
anadolu-agency;Anadolu Agency,1
maxsent;MaxSent,188.Maxsent,2.MaxSentMaxSent,1
bluecrew;BlueCrew,112
theatre-for-young-audiences-usa;Theatre for Young Audiences/USA,1
gu%C3%A9rin-joaillerie;Guérin Joaillerie,3
medical-staffing-network---intelistaf;InteliStaf Travel (A Medical Staffing Network Co。),1
kuipp-llc;Kuipp， LLC,1
product-hunt;Product Hunt,1
a-&-l-industries-pty-ltd;A & L Industries Pty Ltd,4
baltic-machinery;Baltic Machinery,2
kliweko-biuro-techniczno-handlowe-sp。z-o。o。-krak-w;KLIWEKO Biuro Techniczno Handlowe Sp。z o。o。， Kraków,1
tinno-mobile-technology-corp-;Tinno Mobile Technology Corp。,4
dearduck;dearduck,32
utrecht-city-concepts;Utrecht City Concepts,5
branston-potatoes-limited;BRANSTON POTATOES LIMITED,3
roy-livraison-sp-cialis-e;Roy Livraison Spécialisée,10
trc-worldwide-engineering-inc。;TRC Worldwide Engineering， Inc。,45.TRC Worldwide Engineering,2.TRC World Wide Engineering,1.TRC,1.TRC Engineering India Pvt。 Ltd,1.Jenkins & Charland / TRC Worldwide Engineering， Inc。,1.TRC Worldwide Engineering， Inc。 - Building Data Solutions,2
goodmann-productions-ltd;GOODMANN PRODUCTIONS LTD,1
ming-pao-newspaper;Ming Pao Newspaper,1
creative-rooms-development-ltd;CREATIVE ROOMS DEVELOPMENT LTD,1
az-law-associates-ltd;AZ LAW ASSOCIATES LTD,1
ihanomajuttu;INTO SCHOOL - Creativity Through Technology,1.IHAN OMA JUTTU - Musiikkiteknologia luovuuden tukena,3
silica-infotech-pvt--ltd-;Silica Infotech Pvt。 Ltd。,1
tudal-wine-group;Tudal Wine Group,1
cycle-union-gmbh;Cycle Union GmbH,1
totaltechnologyuae;Total Technology Publishing and Advertising,9
bridewho-garment-co-ltd;Bridewho Garment Co。，Ltd,1
vanc-pharmaceuticals-inc-;Vanc Pharmaceuticals Inc。,1
verity-wealth-advisors;VERITY Wealth Advisors,26.Verity Wealth Advisors,2
sunmark-md;Sunmark-MD,1
tamckaycoinc;T。A。 McKay & Co。， Inc。,5
creamline-dairies-ltd-;Creamline Dairy Products Limited,1.Creamline dairy products limited,1.Creamline,1.Creamline Dairy & Visaka dairy & Thirumala Dairy & Mukuda Dairy& Bmf (Sangam),1.Creamline Dairies Ltd。,2
prime-tool-solutions;Prime Tool Solutions,1
softway-d。i。;Softway S/A,1
clandestinos;Clandestinos,5
shes-somebodys-daughter;SHES SOMEBODYS DAUGHTER,1
shalom-house;SHALOM HOUSE,13
swiss-luxury-watches;Swiss Luxury Watches,2
nusajaya-global-energi-btm;Nusajaya Global Energi,1
biasicom-srl;SC Bia Si Com SRL,1.Biasicom,1.Biasicom SRL,14
absolute-media-north-east;Absolute Media North East,1
soc-coop-soc-il-piccolo-principe;Soc。 Coop。 Soc。 Il Piccolo Principe,7
banca-transilvania;Banca Transilvania,17
ergo-austria-international-ag;ERGO Austria International AG,1
see-opportunity;SEE Opportunity,1
the-collar-club;The Collar Club,3
juliushuett%C2%AE-corporation;JuliusHuett03 Corporation,1
terberg-techniek;Terberg Techniek,12
coldwell-banker-ssk-realtors;Coldwell Banker SSK， REALTORS,1
testr;testr ApS,10
fujian-auplex-appliance-co。-ltd;FUJIAN AUPLEX KAMADO GRILL CO。，LTD,3
jrs-events;JRS Events,1
purrfessional-pet-services;Purrfessional Pet Services,1
st-francois-county-ambulance;St Francois County Ambulance,2
sjnagency;SJN,1
one-s-r-l-;One S。r。l。,1
universidad-europea-miguel-de-cervantes;Universidad Europea Miguel de Cervantes (UEMC),1.Universidad Europea Miguel de Cervantes,3
greenbelt-aquatic-&-fitness;Greenbelt Aquatic Fitness Center,2.Greenbelt Aquatic & Fitness,2.Greenbelt Aquatic Center,1
gpdi-;GPDI(广东省电信规划设计院),2.PT。 Lintech Solution Indonesia， as well known as GPDI(广东省电信规划设计院）,1.Guangdong Planning and Designing Institute of telecommunications Co。，Ltd,1.广东省电信规划设计院有限公司成都分院,3.GPDI(广东省电信规划设计院）,1110.GPDI,2.赛酷比软件,1.广东省电信规划设计院有限公司,1
protec-installations-ltd;Protec Installations (Southern) Limited,1.Protec Installations Ltd,1
adfisc-belastingadvies-vof;Adfisc Belastingadvies,1
morgan-ashley-group-inc。;Morgan Ashley Group， Inc。,5.Corporate Coverage， LLC,9
buchhandlung-wackes;Buchhandlung Wackes,1
devabit;Devabit,1
vidyatree-modern-world-college;Vidyatree Modern World College,7
euro-diagnostica-ab;Euro-Diagnostica AB,5.Euro Diagnostica,2.Euro Diagnostica AB,13
amestovern;Ames Tovern,2
ceva;CEVA， Inc。,2
signage-inc;Signage,6.Sara Design Studio,4
cu-s2-design;Cu/S2 Design,2
axesoramas;Axesoramas， S。L。,1.Axesoramas,1
fonteyne-the-kitchen;Fonteyne The Kitchen,2
%E4%B8%8A%E9%93%B6%E5%9F%BA%E9%87%91%E7%AE%A1%E7%90%86%E6%9C%89%E9%99%90%E5%85%AC%E5%8F%B8;上银基金管理有限公司,1
local-buzz-marketing-limited;Local Buzz Marketing Limited,25
crooklets-cafe-bude-limited;CROOKLETS CAFE (BUDE) LIMITED,1
us-money-express;Us Money Express,1
tyto-communications;Tyto Communications,1
finger-construction;Finger Construction,1
better-at-school;Better At School,15
playthinktransform;PlayThinkTransform,2
it-free-lancer;IT Free-Lancer,9
werken-qu%C3%ADmica-brasil-ltda;Werken Química Brasil Ltda,2
shizuka-new-york-day-spa;SHIZUKA new york Day Spa,5
hirosun;Hirosun,1
softwell-solutions-ltda。;Softwell Solutions Ltda。,1
grand-consulting-llc;AIRON Consulting Kft,3.Grand Consulting Kft,1
affordable-auto-sales;Affordable Auto sales,1
marcia-selden-catering-&-event-planning;Marcia Selden Catering & Event Planning,1
estudiocromo;estudiocromo,1
valenciana-de-aluminios-c-y-p-s-a-;VALENCIANA DE ALUMINIOS， C。 Y P。， S。A。,2
arker-labs;Arker Labs,3
%D0%BE%D0%BE%D0%BE-%D0%B8%D0%BD%D0%B2%D0%B5%D1%81%D1%82%D0%BC%D0%B8%D1%80-;ООО \ИнвестМир\,2
acefieldwork;acefieldwork,1
k--g--traders-pvt-limited;K。 G。 Traders (Pvt) Limited,6
taurus-telescopes;Taurus Telescopes,2
custom-bookbinders-inc;Custom Bookbinders Inc,2
%D0%BA%D0%B0%D0%B4%D1%80%D0%BE%D0%B2%D1%8B%D0%B9-%D0%BA%D0%BE%D0%BD%D1%81%D0%B0%D0%BB%D1%82%D0%B8%D0%BD%D0%B3-xxi-%D0%BA%D0%B0;Кадровый Консалтинг XXI， КА,1
aperture-communications;Oakhill Communications,4.Aperture Communications,4
ormside-press-ltd;Ormside Press Ltd,12.Mandatum Ink,2
grainne-cafe;Grainne Cafe,2
openafsl-pty-ltd;OpenAFSL Pty Ltd,2
interior-heavy-equipment-operator-school;Interior Heavy Equipment Operator School,50
massmailer-inc;MassMailer Inc,38.MassMailer， Inc,5
jmc-machinery-sales;JMC  Machinery Sales，Inc。,2.JMC Machinery Sales,7.JMC Machinery Sales Inc,3.JMC Machinery Sales，Inc。,1
weboniselab;Webonise Lab,2
portr-ttsupport;portr01ttsupport,1.Portr01ttsupport,2
tci-seaways;TCI SEAWAYS,1.TCI Seaways,37.TCI seaways,4
erap-limited;ERAP LIMITED,5
urban-athletics-llc;Urban Athletics,11
chesapeake-anesthesiologists-inc。;CHESAPEAKE ANESTHESIOLOGISTS INC。,2
eram-infotech;Eram infotech,1.Eram Infotech,3.Eram Infotech (Subsidiary of Eram Group of Companies),1
essex-county-council;Essex County Council,6
start-anywhere-media;Start Anywhere Media,4
hudsonsbay;The Bay,1
aleait-solutions-pvt。-ltd。;AleaIT Solutions Pvt。 Ltd。,18
ishkar-ltd;ISHKAR LTD,4
biagrafiaumahist%C3%B3riadesupera%C3%A7%C3%A3oeseufinalfelizlivro;BiaGrafia: uma história de supera0400o e seu final feliz (LIVRO),3
ambiii-branding-inc;Ambiii Branding,1
serocco;Serocco,1
tic-technique-inspection-et-contr%C3%B4le;TIC SA - Technique Inspection et Contr00le,2
qvinci-software;Qvinci Software,21
noonan-moran-architecture;Noonan Moran Architecture,4
adinfonitum;Adinfonitum,48.Adinfonitum， Inc。,16.AdInfonitum,8.Adinfinitum,2
sib-sa;SIB SA,3
hire-one-disability-services;Hire One Disability Services,7
unyleya-brasil;UnYLeYa,4.,2.UnYLeYa Brasil - IMP Concursos,4.UnYLeYa Brasil,219.UnYLeYa Brazil,1
ciaofood;CiaoFood,3
savant-tax-services;Savant Tax Services,1
rockwell-republic;ROCKWELL REPUBLIC,125.Rockwell Republic,11.Rockwell | Republic,6
committee-on-accreditation-for-the-exercise-sciences;Committee on Accreditation for the Exercise Sciences (CoAES),2
theridebikes;The Ride Bikes,1
kaggwalaw;Kaggwa & Kaggwa Advocates,5
big-up-productions-limited;Big UP Productions,1
giloindustries;GILO INDUSTRIES GROUP LIMITED,3.Gilo Industries,1.Parajet International Ltd。 (Gilo Industries Group Ltd。),7.Gilo Industries Group,22
nielsen-fitness-personal-training;Nielsen Fitness Personal Training,11.Nielsen Fitness In-home Personal Training,21
xiarch-solutions-pvt-ltd;Xiarch Solutions Pvt Ltd,1
mcguire-and-mills;McGuire and Mills,5.McGuire and Mills Barristers and Solicitors,1
silkarmour;Silkarmour,27
synergia-international-llc;MVM Infotech,5.Synergia International LLC,8.Learn Guild,1
bernd-braun-chemicals;BERND BRAUN Chemicals,1
natioaustralia;Natio,5.Natio Pty Ltd,3
rs2-architetti;RS2 Architects,1.RS2 Architetti,62.RS2 Architects East,4
federaci-n-aspa;Federación ASPA,23
dentsu-aegis-network-china;Dentsu Aegis Network China,5
volpal;VolPal,3
national-golf-links;National Golf Links,1
medrisk-inc-;MedRisk,1.MedRisk， Inc。,1
mad-cow-films;Mad Cow Films,1
tarifasportscenter;Tarifa Sports Center,2.Tarifa Sports Center， a really unique spot in Europe offering a ¨Beach-Bucket load¨ of activities,3
paragon-lift-company-limited;PARAGON LIFT COMPANY LIMITED,1
hampton-mead-consulting;Hampton Mead Consulting,2
in-the-arena;InTheArena,6
elevate-international-limited;Elevate International，Kenya,9
powerspace;Powerspace,1
indeed-education-inc-;Indeed Consulting Corporation,1
hr-genie;HR Genie,1
dominiek-savio;Dominiek Savio,13
sloan-security-group-ssg-;Sloan Security Group (SSG),23.Sloan Security Group,2
hello-art-printing-corp;Hello Printing,1
performers-gmbh;Performers GmbH,9
fourteen-digital;Fourteen Digital,4
fundacion-ses;Fundacion SES,1
maxad-internet;maxad - Google AdSense Certifed Partner,19.maxad。co,20.Google AdSense Certifed Partner,1
a&n-corporation;A&N Corporation,1
jzz;JZZ-3d,9.JZZ,2
netsoft-gmbh;NetSoft GmbH,2
i2o-water;i2O Water Ltd (UK),1.i2o Water,2.i2O Water,215.i20 Water Ltd,1.i2O Water- APAC Region,2.i2O Water Ltd,2.i2O Water (Naxos Capital Partners),1.i2O,166.i2o Water Limited,2
obb;00BB,8
colegio-de-licenciados-en-administraci-n-del-distrito-capital-cladc-;Colegio de Licenciados en Administración del Distrito Capital (CLADC),2
cuivre-river-state-park;Cuivre River State Park,17
%E4%B8%8A%E6%B5%B7%E5%B8%82%E6%9C%BA%E7%94%B5%E8%AE%BE%E8%AE%A1%E7%A0%94%E7%A9%B6%E9%99%A2%E6%9C%89%E9%99%90%E5%85%AC%E5%8F%B8;上海市机电设计研究院有限公司,1
pretty-fly-society-llc;Pretty Fly Society， LLC,2
viiv-healthcare;ViiV Healthcare,2
libris-accounting-ltd;LIBRIS ACCOUNTING LTD,4
ivan-horv-th---e1;Ivan Horváth - e1,4
atlasconcretenz;Atlas Concrete ltd。,5
gedden;Les Solutions Will Inc。,1.Gedden Inc。,1
clough-&-willis-solicitors;Clough & Willis Solicitors,15
pickbox-tv;Pickbox & Mediavision,7.Pickbox。tv,28.Pickbox,27.Pickbox and Mediavision,2
mastermind-studioz;Mastermind Studios,1.Mastermind Studios Nepal,10
dit-seguridad-privada;DIT Seguridad Privada,2
fenway-search-group;Fenway Search Group,14
brandusa;Brand USA,7
lionsclubinternational;Lions Club International,195.Stg。 Samenwerking Lions Nederland Indonesi05,1
diagnostic-engineering-inc。;Diagnostic Engineering Inc。,8
customized-business-software-llc;Customized Business Software， LLC,1
itvision;ITVISION,4
stenden-thailand;Stenden Thailand,1
sanerio-constru-es;Sanerio Constru0401es,39.sanerio constru0401es LTDA,3
volta-power-co;Volta Power Co。,1
nbp-exchange-company-limited;NBP Exchange Company Limited,59
thermal-corrosion-solutions;Thermal Corrosion Solutions,1
la-solution-telecom;LA SOLUTION TELECOM,1.LASOTEL,18
johnson-controls-inc-automotive-experience;Johnson Controls， Inc。 Automotive Experience,3
m-prove-ltd;M-Prove Ltd,1
riverside-engineering-inc;Riverside Engineering,4
progressive-physician-assoc;Progressive Physician Assoc,1
ecroup-property-management-&-investments-llc;ECROUP Property Management & Investments LLC,2
synergy-homecare-of-the-triangle;Synergy HomeCare of the Triangle,1
aditya-degree-college;aditya degree college,2.Aditya Degree College,11
bjerknes-centre-for-climate-research;Bjerknes Centre for Climate Research,1
amp_3;AMP,6
saura-fotografia;pepesaura。com,1
sotea-a-s;Sotea,1.Sotea A/S,17
frieslandcampina;Dutch FrieslandCampina ( Hong Kong ) Ltd。,1.Royal FrieslandCampina Domo,1.FrieslandCampina,23
ipl-s-r-o;IPL s。r。o,2
lexiconsolutions;Lexicon Solutions Malaysia,4
world-tile;World Tile,1
akaliko-resource-llc;Akaliko Resources LLC,2
alex-smith-&-co;Alex Smith,1
geodesign-barriers-ltd;Geodesign Barriers Ltd,12
info-tech-middle-east;Info Tech Middle East,5
mahj-llc;Mahj,2
ward-circle-strategies;Ward Circle Strategies,2
pebble-properties;Pebble Properties,3
ncpa;NCPA,1.National Community Pharmacists Association (NCPA),2
rice-and-roll-co。-limited;RICE AND ROLL CO。 LIMITED,1
srisai-ramakrishna-constructions-private-limited;SRISAI RAMAKRISHNA CONSTRUCTIONS PRIVATE LIMITED,1
deskonline-cloud;deskonline。cloud,1
built-world-technology-alliance-africa;Built World Technology Alliance Africa,5
est%C3%BAdio-duna;Estúdio Duna,1
decision-dynamics-inc。;Decision Dynamics， Inc。,2
mccaffery-&-company;McCaffery & Company,1
linjebygg;PREZIOSO Linjebygg Norway,1
rede-especialista;Rede Especialista,9
bruna;Bruna BV,2
the-game-room;The Game Room,4
kids-in-crisis;Kids in Crisis,1.Kids In Crisis,1
smart-light-singapore-ltd;Smart Light Singapore Ltd,4
knesset-christian-allies-caucus;Knesset Christian Allies Caucus,4
oreillys-irish-pub-safood-tav;OReillys Irish Pub Safood Tav,3
better-living-solutions-ltd;BETTER LIVING SOLUTIONS LTD,4
tai-corporation;T。A。I。 SRL,2
china-entercom;China Entercom,1
morgentreu-harbinger-gmbh;Morgentreu-Harbinger GmbH,1
georgia-neurology-llc;GEORGIA NEUROLOGY， LLC,1
olymps-door-garage-doors;OLYMPS DOOR garage doors,1
retail-active;Retail Active,82.Retail Active (Advantage Smollan Group),2
allionce-group;Allionce Group,4
norwegian-technology-group;Norwegian Technology Group,3
eastern-telecoms;Eastern Telecoms,24.Eastern Telecom,2.Eastern Telecoms Philippines Inc,1.Eastern Communications,1
terra-west-realty-&-development;Terra West Realty & Development,1
blueagavegrill;Blue Agave Grill,5
healthcare-excellence-institute;Healthcare Excellence Institute,2
helix-corp;Helix Corp,2
clito-fornaciari-j-nior---advocacia;Clito Fornaciari Júnior - Advocacia,1
zilmer;ZILMER,3
inenco;Inenco,135.Inenco Group Limited,1.inenco,1.Inenco Group Australia,1.Inenco Group Ltd。,1.Inenco Group Ltd,7.Inenco Group,226.Inenco Group Pty Ltd,1.NIFES Consulting Group / Inenco Group,1.Inenco Pty Ltd,1.INENCO,4
innerface-architectural-signage-inc;Innerface Architectural Signage， Inc,1
maximice-app;Maximice app,1
owen-distributors;Owen Distributors,3
west-link-alliance;West Link Alliance | 西干线,1
hamateba。hu;Hama-Teba Ltd,3
nuergy;Nuergy Heat & Power,2
augusta-abstract-corp;Augusta Abstract Corp,2
hi-alert-asset-protection-private-limited;HI-ALERT ASSET PROTECTION PRIVATE LIMITED,2
phraym;Phraym,1
skandinavisk-kommunalteknik-ab;Skandinavisk Kommunalteknik AS,1.Skandinavisk Kommunalteknik AB,43
baobabb-marketing;Baobabb Marketing,2
phoenix-racing-inc。;Phoenix Racing， Inc。,3
